OrderDate,ProductKey,Country,EnglishProductName,SalesAmount,UnitPrice,OrderQuantity,TaxAmt,TotalProductCost
01/01/2016,336,Italy,"Road-650 Black, 62",699.0982,699.0982,1,55.9279,413.1463
01/01/2016,222,United States,"Sport-100 Helmet, Blue",34.99,34.99,1,2.7992,13.0863
01/01/2016,540,Canada,HL Road Tire,32.6,32.6,1,2.608,12.1924
01/01/2016,536,Italy,ML Mountain Tire,29.99,29.99,1,2.3992,11.2163
01/01/2016,490,Germany,"Short-Sleeve Classic Jersey, L",53.99,53.99,1,4.3192,41.5723
01/01/2016,225,Canada,AWC Logo Cap,8.99,8.99,1,0.7192,6.9223
01/01/2016,390,United States,"Road-550-W Yellow, 48",1120.49,1120.49,1,89.6392,713.0798
01/01/2016,479,India,Road Bottle Cage,8.99,8.99,1,0.7192,3.3623
01/01/2016,463,United States,"Half-Finger Gloves, S",24.49,24.49,1,1.9592,9.1593
01/01/2016,477,India,Water Bottle - 30 oz.,4.99,4.99,1,0.3992,1.8663
01/01/2016,540,United States,HL Road Tire,32.6,32.6,1,2.608,12.1924
01/01/2016,214,Canada,"Sport-100 Helmet, Red",34.99,34.99,1,2.7992,13.0863
01/01/2016,528,Italy,Mountain Tire Tube,4.99,4.99,1,0.3992,1.8663
01/01/2016,225,Canada,AWC Logo Cap,8.99,8.99,1,0.7192,6.9223
01/01/2016,372,Canada,"Road-250 Red, 58",2443.35,2443.35,1,195.468,1554.9479
01/01/2016,480,Italy,Patch Kit/8 Patches,2.29,2.29,1,0.1832,0.8565
01/01/2016,477,Canada,Water Bottle - 30 oz.,4.99,4.99,1,0.3992,1.8663
01/01/2016,490,India,"Short-Sleeve Classic Jersey, L",53.99,53.99,1,4.3192,41.5723
01/01/2016,472,India,"Classic Vest, M",63.5,63.5,1,5.08,23.749
01/01/2016,540,India,HL Road Tire,32.6,32.6,1,2.608,12.1924
01/01/2016,214,United States,"Sport-100 Helmet, Red",34.99,34.99,1,2.7992,13.0863
01/01/2016,589,Australia,"Mountain-400-W Silver, 42",769.49,769.49,1,61.5592,419.7784
01/01/2016,480,Canada,Patch Kit/8 Patches,2.29,2.29,1,0.1832,0.8565
01/01/2016,463,Italy,"Half-Finger Gloves, S",24.49,24.49,1,1.9592,9.1593
01/01/2016,231,Canada,"Long-Sleeve Logo Jersey, M",49.99,49.99,1,3.9992,38.4923
01/01/2016,478,France,Mountain Bottle Cage,9.99,9.99,1,0.7992,3.7363
01/01/2016,465,Australia,"Half-Finger Gloves, M",24.49,24.49,1,1.9592,9.1593
01/01/2016,480,Canada,Patch Kit/8 Patches,2.29,2.29,1,0.1832,0.8565
01/01/2016,535,Canada,LL Mountain Tire,24.99,24.99,1,1.9992,9.3463
02/01/2016,491,Italy,"Short-Sleeve Classic Jersey, XL",53.99,53.99,1,4.3192,41.5723
02/01/2016,217,Canada,"Sport-100 Helmet, Black",34.99,34.99,1,2.7992,13.0863
02/01/2016,480,Germany,Patch Kit/8 Patches,2.29,2.29,1,0.1832,0.8565
02/01/2016,478,Germany,Mountain Bottle Cage,9.99,9.99,1,0.7992,3.7363
02/01/2016,539,India,ML Road Tire,24.99,24.99,1,1.9992,9.3463
02/01/2016,528,France,Mountain Tire Tube,4.99,4.99,1,0.3992,1.8663
02/01/2016,605,France,"Road-750 Black, 48",539.99,539.99,1,43.1992,343.6496
02/01/2016,529,France,Road Tire Tube,3.99,3.99,1,0.3192,1.4923
02/01/2016,477,United States,Water Bottle - 30 oz.,4.99,4.99,1,0.3992,1.8663
02/01/2016,485,Canada,Fender Set - Mountain,21.98,21.98,1,1.7584,8.2205
02/01/2016,225,France,AWC Logo Cap,8.99,8.99,1,0.7192,6.9223
02/01/2016,490,Australia,"Short-Sleeve Classic Jersey, L",53.99,53.99,1,4.3192,41.5723
02/01/2016,479,United States,Road Bottle Cage,8.99,8.99,1,0.7192,3.3623
02/01/2016,530,India,Touring Tire Tube,4.99,4.99,1,0.3992,1.8663
02/01/2016,473,Italy,"Classic Vest, L",63.5,63.5,1,5.08,23.749
02/01/2016,529,India,Road Tire Tube,3.99,3.99,1,0.3192,1.4923
02/01/2016,475,Germany,"Women's Mountain Shorts, M",69.99,69.99,1,5.5992,26.1763
02/01/2016,363,France,"Mountain-200 Black, 46",2294.99,2294.99,1,183.5992,1251.9813
02/01/2016,482,Australia,"Racing Socks, L",8.99,8.99,1,0.7192,3.3623
02/01/2016,214,France,"Sport-100 Helmet, Red",34.99,34.99,1,2.7992,13.0863
02/01/2016,528,Australia,Mountain Tire Tube,4.99,4.99,1,0.3992,1.8663
02/01/2016,361,India,"Mountain-200 Black, 42",2294.99,2294.99,1,183.5992,1251.9813
02/01/2016,536,India,ML Mountain Tire,29.99,29.99,1,2.3992,11.2163
02/01/2016,478,Canada,Mountain Bottle Cage,9.99,9.99,1,0.7992,3.7363
02/01/2016,536,France,ML Mountain Tire,29.99,29.99,1,2.3992,11.2163
02/01/2016,530,United States,Touring Tire Tube,4.99,4.99,1,0.3992,1.8663
02/01/2016,485,Germany,Fender Set - Mountain,21.98,21.98,1,1.7584,8.2205
02/01/2016,585,India,"Touring-3000 Blue, 44",742.35,742.35,1,59.388,461.4448
02/01/2016,561,Australia,"Touring-1000 Yellow, 46",2384.07,2384.07,1,190.7256,1481.9379
02/01/2016,217,Germany,"Sport-100 Helmet, Black",34.99,34.99,1,2.7992,13.0863
02/01/2016,575,Italy,"Touring-1000 Blue, 54",2384.07,2384.07,1,190.7256,1481.9379
02/01/2016,488,Canada,"Short-Sleeve Classic Jersey, S",53.99,53.99,1,4.3192,41.5723
02/01/2016,478,Germany,Mountain Bottle Cage,9.99,9.99,1,0.7992,3.7363
02/01/2016,606,Germany,"Road-750 Black, 52",539.99,539.99,1,43.1992,343.6496
02/01/2016,477,United States,Water Bottle - 30 oz.,4.99,4.99,1,0.3992,1.8663
02/01/2016,485,Australia,Fender Set - Mountain,21.98,21.98,1,1.7584,8.2205
03/01/2016,310,Germany,"Road-150 Red, 62",3578.27,3578.27,1,286.2616,2171.2942
03/01/2016,313,United States,"Road-150 Red, 52",3578.27,3578.27,1,286.2616,2171.2942
03/01/2016,333,India,"Road-650 Black, 58",782.99,782.99,1,62.6392,486.7066
03/01/2016,580,France,"Road-350-W Yellow, 40",1700.99,1700.99,1,136.0792,1082.51
03/01/2016,363,Australia,"Mountain-200 Black, 46",2294.99,2294.99,1,183.5992,1251.9813
03/01/2016,490,India,"Short-Sleeve Classic Jersey, L",53.99,53.99,1,4.3192,41.5723
03/01/2016,237,United States,"Long-Sleeve Logo Jersey, XL",49.99,49.99,1,3.9992,38.4923
03/01/2016,477,Canada,Water Bottle - 30 oz.,4.99,4.99,1,0.3992,1.8663
03/01/2016,485,United States,Fender Set - Mountain,21.98,21.98,1,1.7584,8.2205
03/01/2016,537,France,HL Mountain Tire,35,35,1,2.8,13.09
03/01/2016,234,Germany,"Long-Sleeve Logo Jersey, L",49.99,49.99,1,3.9992,38.4923
03/01/2016,480,France,Patch Kit/8 Patches,2.29,2.29,1,0.1832,0.8565
03/01/2016,225,France,AWC Logo Cap,8.99,8.99,1,0.7192,6.9223
03/01/2016,536,United States,ML Mountain Tire,29.99,29.99,1,2.3992,11.2163
03/01/2016,528,Canada,Mountain Tire Tube,4.99,4.99,1,0.3992,1.8663
03/01/2016,537,Canada,HL Mountain Tire,35,35,1,2.8,13.09
03/01/2016,225,Australia,AWC Logo Cap,8.99,8.99,1,0.7192,6.9223
03/01/2016,477,United States,Water Bottle - 30 oz.,4.99,4.99,1,0.3992,1.8663
03/01/2016,528,India,Mountain Tire Tube,4.99,4.99,1,0.3992,1.8663
03/01/2016,222,France,"Sport-100 Helmet, Blue",34.99,34.99,1,2.7992,13.0863
03/01/2016,477,Italy,Water Bottle - 30 oz.,4.99,4.99,1,0.3992,1.8663
03/01/2016,535,Australia,LL Mountain Tire,24.99,24.99,1,1.9992,9.3463
03/01/2016,463,Australia,"Half-Finger Gloves, S",24.49,24.49,1,1.9592,9.1593
03/01/2016,536,Australia,ML Mountain Tire,29.99,29.99,1,2.3992,11.2163
03/01/2016,480,France,Patch Kit/8 Patches,2.29,2.29,1,0.1832,0.8565
03/01/2016,477,United States,Water Bottle - 30 oz.,4.99,4.99,1,0.3992,1.8663
03/01/2016,592,Australia,"Mountain-500 Silver, 42",564.99,564.99,1,45.1992,308.2179
03/01/2016,217,Canada,"Sport-100 Helmet, Black",34.99,34.99,1,2.7992,13.0863
03/01/2016,483,Italy,Hitch Rack - 4-Bike,120,120,1,9.6,44.88
03/01/2016,222,France,"Sport-100 Helmet, Blue",34.99,34.99,1,2.7992,13.0863
03/01/2016,485,Australia,Fender Set - Mountain,21.98,21.98,1,1.7584,8.2205
03/01/2016,530,France,Touring Tire Tube,4.99,4.99,1,0.3992,1.8663
03/01/2016,480,Germany,Patch Kit/8 Patches,2.29,2.29,1,0.1832,0.8565
03/01/2016,231,Australia,"Long-Sleeve Logo Jersey, M",49.99,49.99,1,3.9992,38.4923
04/01/2016,310,India,"Road-150 Red, 62",3578.27,3578.27,1,286.2616,2171.2942
04/01/2016,351,Canada,"Mountain-100 Black, 48",3374.99,3374.99,1,269.9992,1898.0944
04/01/2016,334,Germany,"Road-650 Black, 60",699.0982,699.0982,1,55.9279,413.1463
04/01/2016,214,France,"Sport-100 Helmet, Red",34.99,34.99,1,2.7992,13.0863
04/01/2016,560,France,"Touring-2000 Blue, 60",1214.85,1214.85,1,97.188,755.1508
04/01/2016,528,Italy,Mountain Tire Tube,4.99,4.99,1,0.3992,1.8663
04/01/2016,225,Italy,AWC Logo Cap,8.99,8.99,1,0.7192,6.9223
04/01/2016,225,United States,AWC Logo Cap,8.99,8.99,1,0.7192,6.9223
04/01/2016,491,Italy,"Short-Sleeve Classic Jersey, XL",53.99,53.99,1,4.3192,41.5723
04/01/2016,487,Canada,Hydration Pack - 70 oz.,54.99,54.99,1,4.3992,20.5663
04/01/2016,474,Italy,"Women's Mountain Shorts, S",69.99,69.99,1,5.5992,26.1763
04/01/2016,529,India,Road Tire Tube,3.99,3.99,1,0.3192,1.4923
04/01/2016,485,Canada,Fender Set - Mountain,21.98,21.98,1,1.7584,8.2205
04/01/2016,477,Canada,Water Bottle - 30 oz.,4.99,4.99,1,0.3992,1.8663
04/01/2016,485,Germany,Fender Set - Mountain,21.98,21.98,1,1.7584,8.2205
04/01/2016,479,India,Road Bottle Cage,8.99,8.99,1,0.7192,3.3623
04/01/2016,536,India,ML Mountain Tire,29.99,29.99,1,2.3992,11.2163
04/01/2016,477,Australia,Water Bottle - 30 oz.,4.99,4.99,1,0.3992,1.8663
04/01/2016,528,France,Mountain Tire Tube,4.99,4.99,1,0.3992,1.8663
04/01/2016,536,India,ML Mountain Tire,29.99,29.99,1,2.3992,11.2163
04/01/2016,363,India,"Mountain-200 Black, 46",2294.99,2294.99,1,183.5992,1251.9813
04/01/2016,485,United States,Fender Set - Mountain,21.98,21.98,1,1.7584,8.2205
04/01/2016,584,Italy,"Road-750 Black, 58",539.99,539.99,1,43.1992,343.6496
04/01/2016,225,France,AWC Logo Cap,8.99,8.99,1,0.7192,6.9223
04/01/2016,477,United States,Water Bottle - 30 oz.,4.99,4.99,1,0.3992,1.8663
04/01/2016,478,Italy,Mountain Bottle Cage,9.99,9.99,1,0.7992,3.7363
04/01/2016,485,France,Fender Set - Mountain,21.98,21.98,1,1.7584,8.2205
04/01/2016,592,France,"Mountain-500 Silver, 42",564.99,564.99,1,45.1992,308.2179
04/01/2016,541,Australia,Touring Tire,28.99,28.99,1,2.3192,10.8423
05/01/2016,313,France,"Road-150 Red, 52",3578.27,3578.27,1,286.2616,2171.2942
05/01/2016,314,Australia,"Road-150 Red, 56",3578.27,3578.27,1,286.2616,2171.2942
05/01/2016,370,France,"Road-250 Red, 52",2443.35,2443.35,1,195.468,1518.7864
05/01/2016,231,Germany,"Long-Sleeve Logo Jersey, M",49.99,49.99,1,3.9992,38.4923
05/01/2016,528,India,Mountain Tire Tube,4.99,4.99,1,0.3992,1.8663
05/01/2016,537,Australia,HL Mountain Tire,35,35,1,2.8,13.09
05/01/2016,486,India,All-Purpose Bike Stand,159,159,1,12.72,59.466
05/01/2016,225,India,AWC Logo Cap,8.99,8.99,1,0.7192,6.9223
05/01/2016,480,India,Patch Kit/8 Patches,2.29,2.29,1,0.1832,0.8565
05/01/2016,530,Canada,Touring Tire Tube,4.99,4.99,1,0.3992,1.8663
05/01/2016,530,Canada,Touring Tire Tube,4.99,4.99,1,0.3992,1.8663
05/01/2016,588,Australia,"Mountain-400-W Silver, 40",769.49,769.49,1,61.5592,419.7784
05/01/2016,529,India,Road Tire Tube,3.99,3.99,1,0.3192,1.4923
05/01/2016,363,France,"Mountain-200 Black, 46",2294.99,2294.99,1,183.5992,1251.9813
05/01/2016,225,India,AWC Logo Cap,8.99,8.99,1,0.7192,6.9223
05/01/2016,530,France,Touring Tire Tube,4.99,4.99,1,0.3992,1.8663
05/01/2016,353,India,"Mountain-200 Silver, 38",2319.99,2319.99,1,185.5992,1265.6195
05/01/2016,217,France,"Sport-100 Helmet, Black",34.99,34.99,1,2.7992,13.0863
05/01/2016,359,Australia,"Mountain-200 Black, 38",2294.99,2294.99,1,183.5992,1251.9813
05/01/2016,490,United States,"Short-Sleeve Classic Jersey, L",53.99,53.99,1,4.3192,41.5723
05/01/2016,214,United States,"Sport-100 Helmet, Red",34.99,34.99,1,2.7992,13.0863
05/01/2016,529,Italy,Road Tire Tube,3.99,3.99,1,0.3192,1.4923
05/01/2016,477,India,Water Bottle - 30 oz.,4.99,4.99,1,0.3992,1.8663
05/01/2016,528,Germany,Mountain Tire Tube,4.99,4.99,1,0.3992,1.8663
05/01/2016,487,United States,Hydration Pack - 70 oz.,54.99,54.99,1,4.3992,20.5663
05/01/2016,353,Germany,"Mountain-200 Silver, 38",2319.99,2319.99,1,185.5992,1265.6195
05/01/2016,541,India,Touring Tire,28.99,28.99,1,2.3192,10.8423
06/01/2016,312,Canada,"Road-150 Red, 48",3578.27,3578.27,1,286.2616,2171.2942
06/01/2016,328,Australia,"Road-650 Red, 48",699.0982,699.0982,1,55.9279,413.1463
06/01/2016,369,Germany,"Road-250 Red, 48",2443.35,2443.35,1,195.468,1518.7864
06/01/2016,222,Australia,"Sport-100 Helmet, Blue",34.99,34.99,1,2.7992,13.0863
06/01/2016,528,France,Mountain Tire Tube,4.99,4.99,1,0.3992,1.8663
06/01/2016,225,France,AWC Logo Cap,8.99,8.99,1,0.7192,6.9223
06/01/2016,528,Canada,Mountain Tire Tube,4.99,4.99,1,0.3992,1.8663
06/01/2016,214,Germany,"Sport-100 Helmet, Red",34.99,34.99,1,2.7992,13.0863
06/01/2016,214,Australia,"Sport-100 Helmet, Red",34.99,34.99,1,2.7992,13.0863
06/01/2016,535,Italy,LL Mountain Tire,24.99,24.99,1,1.9992,9.3463
06/01/2016,222,India,"Sport-100 Helmet, Blue",34.99,34.99,1,2.7992,13.0863
06/01/2016,535,Canada,LL Mountain Tire,24.99,24.99,1,1.9992,9.3463
06/01/2016,536,India,ML Mountain Tire,29.99,29.99,1,2.3992,11.2163
06/01/2016,214,Italy,"Sport-100 Helmet, Red",34.99,34.99,1,2.7992,13.0863
06/01/2016,225,Italy,AWC Logo Cap,8.99,8.99,1,0.7192,6.9223
06/01/2016,535,Italy,LL Mountain Tire,24.99,24.99,1,1.9992,9.3463
06/01/2016,529,India,Road Tire Tube,3.99,3.99,1,0.3192,1.4923
06/01/2016,485,Italy,Fender Set - Mountain,21.98,21.98,1,1.7584,8.2205
06/01/2016,485,India,Fender Set - Mountain,21.98,21.98,1,1.7584,8.2205
06/01/2016,541,India,Touring Tire,28.99,28.99,1,2.3192,10.8423
06/01/2016,580,Italy,"Road-350-W Yellow, 40",1700.99,1700.99,1,136.0792,1082.51
06/01/2016,214,Canada,"Sport-100 Helmet, Red",34.99,34.99,1,2.7992,13.0863
06/01/2016,529,France,Road Tire Tube,3.99,3.99,1,0.3192,1.4923
06/01/2016,481,Germany,"Racing Socks, M",8.99,8.99,1,0.7192,3.3623
06/01/2016,484,Italy,Bike Wash - Dissolver,7.95,7.95,1,0.636,2.9733
06/01/2016,491,Italy,"Short-Sleeve Classic Jersey, XL",53.99,53.99,1,4.3192,41.5723
06/01/2016,472,Australia,"Classic Vest, M",63.5,63.5,1,5.08,23.749
06/01/2016,474,United States,"Women's Mountain Shorts, S",69.99,69.99,1,5.5992,26.1763
06/01/2016,536,Australia,ML Mountain Tire,29.99,29.99,1,2.3992,11.2163
06/01/2016,477,Germany,Water Bottle - 30 oz.,4.99,4.99,1,0.3992,1.8663
07/01/2016,314,Germany,"Road-150 Red, 56",3578.27,3578.27,1,286.2616,2171.2942
07/01/2016,377,Canada,"Road-250 Black, 52",2181.5625,2181.5625,1,174.525,1320.6838
07/01/2016,368,Italy,"Road-250 Red, 44",2443.35,2443.35,1,195.468,1518.7864
07/01/2016,467,Germany,"Half-Finger Gloves, L",24.49,24.49,1,1.9592,9.1593
07/01/2016,222,France,"Sport-100 Helmet, Blue",34.99,34.99,1,2.7992,13.0863
07/01/2016,217,France,"Sport-100 Helmet, Black",34.99,34.99,1,2.7992,13.0863
07/01/2016,225,India,AWC Logo Cap,8.99,8.99,1,0.7192,6.9223
07/01/2016,480,Germany,Patch Kit/8 Patches,2.29,2.29,1,0.1832,0.8565
07/01/2016,585,France,"Touring-3000 Blue, 44",742.35,742.35,1,59.388,461.4448
07/01/2016,605,Italy,"Road-750 Black, 48",539.99,539.99,1,43.1992,343.6496
07/01/2016,217,United States,"Sport-100 Helmet, Black",34.99,34.99,1,2.7992,13.0863
07/01/2016,480,India,Patch Kit/8 Patches,2.29,2.29,1,0.1832,0.8565
07/01/2016,540,Italy,HL Road Tire,32.6,32.6,1,2.608,12.1924
07/01/2016,486,Canada,All-Purpose Bike Stand,159,159,1,12.72,59.466
07/01/2016,237,United States,"Long-Sleeve Logo Jersey, XL",49.99,49.99,1,3.9992,38.4923
07/01/2016,479,India,Road Bottle Cage,8.99,8.99,1,0.7192,3.3623
07/01/2016,214,United States,"Sport-100 Helmet, Red",34.99,34.99,1,2.7992,13.0863
07/01/2016,477,United States,Water Bottle - 30 oz.,4.99,4.99,1,0.3992,1.8663
07/01/2016,214,Canada,"Sport-100 Helmet, Red",34.99,34.99,1,2.7992,13.0863
07/01/2016,593,Germany,"Mountain-500 Silver, 44",564.99,564.99,1,45.1992,308.2179
07/01/2016,478,Italy,Mountain Bottle Cage,9.99,9.99,1,0.7992,3.7363
07/01/2016,528,France,Mountain Tire Tube,4.99,4.99,1,0.3992,1.8663
07/01/2016,480,France,Patch Kit/8 Patches,2.29,2.29,1,0.1832,0.8565
07/01/2016,363,Canada,"Mountain-200 Black, 46",2294.99,2294.99,1,183.5992,1251.9813
07/01/2016,537,Italy,HL Mountain Tire,35,35,1,2.8,13.09
07/01/2016,478,Australia,Mountain Bottle Cage,9.99,9.99,1,0.7992,3.7363
07/01/2016,355,France,"Mountain-200 Silver, 42",2319.99,2319.99,1,185.5992,1265.6195
07/01/2016,485,United States,Fender Set - Mountain,21.98,21.98,1,1.7584,8.2205
07/01/2016,382,India,"Road-550-W Yellow, 38",1120.49,1120.49,1,89.6392,713.0798
07/01/2016,581,Australia,"Road-350-W Yellow, 42",1700.99,1700.99,1,136.0792,1082.51
08/01/2016,337,Germany,"Road-650 Black, 62",782.99,782.99,1,62.6392,486.7066
08/01/2016,234,Italy,"Long-Sleeve Logo Jersey, L",49.99,49.99,1,3.9992,38.4923
08/01/2016,214,India,"Sport-100 Helmet, Red",34.99,34.99,1,2.7992,13.0863
08/01/2016,486,Australia,All-Purpose Bike Stand,159,159,1,12.72,59.466
08/01/2016,217,United States,"Sport-100 Helmet, Black",34.99,34.99,1,2.7992,13.0863
08/01/2016,484,Germany,Bike Wash - Dissolver,7.95,7.95,1,0.636,2.9733
08/01/2016,540,United States,HL Road Tire,32.6,32.6,1,2.608,12.1924
08/01/2016,477,Italy,Water Bottle - 30 oz.,4.99,4.99,1,0.3992,1.8663
08/01/2016,477,France,Water Bottle - 30 oz.,4.99,4.99,1,0.3992,1.8663
08/01/2016,574,India,"Touring-1000 Blue, 50",2384.07,2384.07,1,190.7256,1481.9379
08/01/2016,539,France,ML Road Tire,24.99,24.99,1,1.9992,9.3463
08/01/2016,361,Australia,"Mountain-200 Black, 42",2294.99,2294.99,1,183.5992,1251.9813
08/01/2016,479,United States,Road Bottle Cage,8.99,8.99,1,0.7192,3.3623
08/01/2016,604,Australia,"Road-750 Black, 44",539.99,539.99,1,43.1992,343.6496
08/01/2016,477,Germany,Water Bottle - 30 oz.,4.99,4.99,1,0.3992,1.8663
08/01/2016,477,Germany,Water Bottle - 30 oz.,4.99,4.99,1,0.3992,1.8663
08/01/2016,217,Australia,"Sport-100 Helmet, Black",34.99,34.99,1,2.7992,13.0863
08/01/2016,480,France,Patch Kit/8 Patches,2.29,2.29,1,0.1832,0.8565
08/01/2016,540,Germany,HL Road Tire,32.6,32.6,1,2.608,12.1924
08/01/2016,596,Italy,"Mountain-500 Black, 40",539.99,539.99,1,43.1992,294.5797
08/01/2016,580,France,"Road-350-W Yellow, 40",1700.99,1700.99,1,136.0792,1082.51
08/01/2016,225,France,AWC Logo Cap,8.99,8.99,1,0.7192,6.9223
08/01/2016,539,France,ML Road Tire,24.99,24.99,1,1.9992,9.3463
08/01/2016,528,Canada,Mountain Tire Tube,4.99,4.99,1,0.3992,1.8663
08/01/2016,217,India,"Sport-100 Helmet, Black",34.99,34.99,1,2.7992,13.0863
08/01/2016,567,United States,"Touring-3000 Blue, 62",742.35,742.35,1,59.388,461.4448
08/01/2016,479,India,Road Bottle Cage,8.99,8.99,1,0.7192,3.3623
08/01/2016,491,United States,"Short-Sleeve Classic Jersey, XL",53.99,53.99,1,4.3192,41.5723
08/01/2016,477,France,Water Bottle - 30 oz.,4.99,4.99,1,0.3992,1.8663
08/01/2016,476,Germany,"Women's Mountain Shorts, L",69.99,69.99,1,5.5992,26.1763
08/01/2016,487,France,Hydration Pack - 70 oz.,54.99,54.99,1,4.3992,20.5663
08/01/2016,567,Germany,"Touring-3000 Blue, 62",742.35,742.35,1,59.388,461.4448
08/01/2016,353,Germany,"Mountain-200 Silver, 38",2319.99,2319.99,1,185.5992,1265.6195
08/01/2016,528,France,Mountain Tire Tube,4.99,4.99,1,0.3992,1.8663
09/01/2016,313,Canada,"Road-150 Red, 52",3578.27,3578.27,1,286.2616,2171.2942
09/01/2016,311,United States,"Road-150 Red, 44",3578.27,3578.27,1,286.2616,2171.2942
09/01/2016,371,Germany,"Road-250 Red, 58",2181.5625,2181.5625,1,174.525,1320.6838
09/01/2016,234,United States,"Long-Sleeve Logo Jersey, L",49.99,49.99,1,3.9992,38.4923
09/01/2016,480,France,Patch Kit/8 Patches,2.29,2.29,1,0.1832,0.8565
09/01/2016,540,India,HL Road Tire,32.6,32.6,1,2.608,12.1924
09/01/2016,528,Germany,Mountain Tire Tube,4.99,4.99,1,0.3992,1.8663
09/01/2016,353,Canada,"Mountain-200 Silver, 38",2319.99,2319.99,1,185.5992,1265.6195
09/01/2016,528,Italy,Mountain Tire Tube,4.99,4.99,1,0.3992,1.8663
09/01/2016,225,Italy,AWC Logo Cap,8.99,8.99,1,0.7192,6.9223
09/01/2016,475,India,"Women's Mountain Shorts, M",69.99,69.99,1,5.5992,26.1763
09/01/2016,529,India,Road Tire Tube,3.99,3.99,1,0.3192,1.4923
09/01/2016,537,Italy,HL Mountain Tire,35,35,1,2.8,13.09
09/01/2016,478,Canada,Mountain Bottle Cage,9.99,9.99,1,0.7992,3.7363
09/01/2016,214,France,"Sport-100 Helmet, Red",34.99,34.99,1,2.7992,13.0863
09/01/2016,484,Canada,Bike Wash - Dissolver,7.95,7.95,1,0.636,2.9733
09/01/2016,480,Australia,Patch Kit/8 Patches,2.29,2.29,1,0.1832,0.8565
09/01/2016,487,India,Hydration Pack - 70 oz.,54.99,54.99,1,4.3992,20.5663
09/01/2016,477,Italy,Water Bottle - 30 oz.,4.99,4.99,1,0.3992,1.8663
09/01/2016,529,India,Road Tire Tube,3.99,3.99,1,0.3192,1.4923
09/01/2016,574,France,"Touring-1000 Blue, 50",2384.07,2384.07,1,190.7256,1481.9379
09/01/2016,214,France,"Sport-100 Helmet, Red",34.99,34.99,1,2.7992,13.0863
09/01/2016,463,United States,"Half-Finger Gloves, S",24.49,24.49,1,1.9592,9.1593
09/01/2016,480,Australia,Patch Kit/8 Patches,2.29,2.29,1,0.1832,0.8565
09/01/2016,477,Germany,Water Bottle - 30 oz.,4.99,4.99,1,0.3992,1.8663
09/01/2016,487,India,Hydration Pack - 70 oz.,54.99,54.99,1,4.3992,20.5663
09/01/2016,481,Germany,"Racing Socks, M",8.99,8.99,1,0.7192,3.3623
09/01/2016,561,Canada,"Touring-1000 Yellow, 46",2384.07,2384.07,1,190.7256,1481.9379
09/01/2016,480,Germany,Patch Kit/8 Patches,2.29,2.29,1,0.1832,0.8565
09/01/2016,491,United States,"Short-Sleeve Classic Jersey, XL",53.99,53.99,1,4.3192,41.5723
09/01/2016,490,Australia,"Short-Sleeve Classic Jersey, L",53.99,53.99,1,4.3192,41.5723
09/01/2016,595,Canada,"Mountain-500 Silver, 52",564.99,564.99,1,45.1992,308.2179
09/01/2016,463,Australia,"Half-Finger Gloves, S",24.49,24.49,1,1.9592,9.1593
09/01/2016,217,United States,"Sport-100 Helmet, Black",34.99,34.99,1,2.7992,13.0863
09/01/2016,539,Australia,ML Road Tire,24.99,24.99,1,1.9992,9.3463
10/01/2016,312,France,"Road-150 Red, 48",3578.27,3578.27,1,286.2616,2171.2942
10/01/2016,375,Italy,"Road-250 Black, 48",2181.5625,2181.5625,1,174.525,1320.6838
10/01/2016,369,Italy,"Road-250 Red, 48",2443.35,2443.35,1,195.468,1518.7864
10/01/2016,360,Australia,"Mountain-200 Black, 42",2049.0982,2049.0982,1,163.9279,1105.81
10/01/2016,358,Canada,"Mountain-200 Black, 38",2049.0982,2049.0982,1,163.9279,1105.81
10/01/2016,382,Canada,"Road-550-W Yellow, 38",1120.49,1120.49,1,89.6392,713.0798
10/01/2016,382,Australia,"Road-550-W Yellow, 38",1120.49,1120.49,1,89.6392,713.0798
10/01/2016,583,Australia,"Road-350-W Yellow, 48",1700.99,1700.99,1,136.0792,1082.51
10/01/2016,225,Italy,AWC Logo Cap,8.99,8.99,1,0.7192,6.9223
10/01/2016,355,United States,"Mountain-200 Silver, 42",2319.99,2319.99,1,185.5992,1265.6195
10/01/2016,529,Australia,Road Tire Tube,3.99,3.99,1,0.3192,1.4923
10/01/2016,374,Italy,"Road-250 Black, 44",2443.35,2443.35,1,195.468,1554.9479
10/01/2016,529,Canada,Road Tire Tube,3.99,3.99,1,0.3192,1.4923
10/01/2016,528,France,Mountain Tire Tube,4.99,4.99,1,0.3992,1.8663
10/01/2016,582,Germany,"Road-350-W Yellow, 44",1700.99,1700.99,1,136.0792,1082.51
10/01/2016,214,Germany,"Sport-100 Helmet, Red",34.99,34.99,1,2.7992,13.0863
10/01/2016,225,Canada,AWC Logo Cap,8.99,8.99,1,0.7192,6.9223
10/01/2016,222,United States,"Sport-100 Helmet, Blue",34.99,34.99,1,2.7992,13.0863
10/01/2016,479,Canada,Road Bottle Cage,8.99,8.99,1,0.7192,3.3623
10/01/2016,480,France,Patch Kit/8 Patches,2.29,2.29,1,0.1832,0.8565
10/01/2016,465,United States,"Half-Finger Gloves, M",24.49,24.49,1,1.9592,9.1593
10/01/2016,485,Canada,Fender Set - Mountain,21.98,21.98,1,1.7584,8.2205
10/01/2016,388,Italy,"Road-550-W Yellow, 44",1120.49,1120.49,1,89.6392,713.0798
10/01/2016,480,Australia,Patch Kit/8 Patches,2.29,2.29,1,0.1832,0.8565
10/01/2016,485,Australia,Fender Set - Mountain,21.98,21.98,1,1.7584,8.2205
10/01/2016,217,Australia,"Sport-100 Helmet, Black",34.99,34.99,1,2.7992,13.0863
10/01/2016,214,Canada,"Sport-100 Helmet, Red",34.99,34.99,1,2.7992,13.0863
10/01/2016,477,India,Water Bottle - 30 oz.,4.99,4.99,1,0.3992,1.8663
10/01/2016,580,Germany,"Road-350-W Yellow, 40",1700.99,1700.99,1,136.0792,1082.51
10/01/2016,583,France,"Road-350-W Yellow, 48",1700.99,1700.99,1,136.0792,1082.51
10/01/2016,537,Italy,HL Mountain Tire,35,35,1,2.8,13.09
10/01/2016,530,India,Touring Tire Tube,4.99,4.99,1,0.3992,1.8663
10/01/2016,530,France,Touring Tire Tube,4.99,4.99,1,0.3992,1.8663
10/01/2016,529,Germany,Road Tire Tube,3.99,3.99,1,0.3192,1.4923
10/01/2016,363,Germany,"Mountain-200 Black, 46",2294.99,2294.99,1,183.5992,1251.9813
10/01/2016,480,Germany,Patch Kit/8 Patches,2.29,2.29,1,0.1832,0.8565
11/01/2016,348,Australia,"Mountain-100 Black, 38",3374.99,3374.99,1,269.9992,1898.0944
11/01/2016,341,Germany,"Road-650 Black, 48",782.99,782.99,1,62.6392,486.7066
11/01/2016,368,France,"Road-250 Red, 44",2443.35,2443.35,1,195.468,1518.7864
11/01/2016,538,France,LL Road Tire,21.49,21.49,1,1.7192,8.0373
11/01/2016,604,France,"Road-750 Black, 44",539.99,539.99,1,43.1992,343.6496
11/01/2016,465,United States,"Half-Finger Gloves, M",24.49,24.49,1,1.9592,9.1593
11/01/2016,538,Australia,LL Road Tire,21.49,21.49,1,1.7192,8.0373
11/01/2016,477,India,Water Bottle - 30 oz.,4.99,4.99,1,0.3992,1.8663
11/01/2016,484,Canada,Bike Wash - Dissolver,7.95,7.95,1,0.636,2.9733
11/01/2016,529,India,Road Tire Tube,3.99,3.99,1,0.3192,1.4923
11/01/2016,477,United States,Water Bottle - 30 oz.,4.99,4.99,1,0.3992,1.8663
11/01/2016,540,Australia,HL Road Tire,32.6,32.6,1,2.608,12.1924
11/01/2016,361,Germany,"Mountain-200 Black, 42",2294.99,2294.99,1,183.5992,1251.9813
11/01/2016,359,India,"Mountain-200 Black, 38",2294.99,2294.99,1,183.5992,1251.9813
11/01/2016,537,India,HL Mountain Tire,35,35,1,2.8,13.09
11/01/2016,529,United States,Road Tire Tube,3.99,3.99,1,0.3192,1.4923
11/01/2016,467,Australia,"Half-Finger Gloves, L",24.49,24.49,1,1.9592,9.1593
11/01/2016,472,Germany,"Classic Vest, M",63.5,63.5,1,5.08,23.749
11/01/2016,530,United States,Touring Tire Tube,4.99,4.99,1,0.3992,1.8663
11/01/2016,476,United States,"Women's Mountain Shorts, L",69.99,69.99,1,5.5992,26.1763
11/01/2016,529,Germany,Road Tire Tube,3.99,3.99,1,0.3192,1.4923
11/01/2016,225,Italy,AWC Logo Cap,8.99,8.99,1,0.7192,6.9223
11/01/2016,584,India,"Road-750 Black, 58",539.99,539.99,1,43.1992,343.6496
11/01/2016,537,Italy,HL Mountain Tire,35,35,1,2.8,13.09
11/01/2016,575,United States,"Touring-1000 Blue, 54",2384.07,2384.07,1,190.7256,1481.9379
11/01/2016,477,India,Water Bottle - 30 oz.,4.99,4.99,1,0.3992,1.8663
11/01/2016,491,Canada,"Short-Sleeve Classic Jersey, XL",53.99,53.99,1,4.3192,41.5723
11/01/2016,580,India,"Road-350-W Yellow, 40",1700.99,1700.99,1,136.0792,1082.51
11/01/2016,528,Italy,Mountain Tire Tube,4.99,4.99,1,0.3992,1.8663
11/01/2016,579,Italy,"Touring-2000 Blue, 54",1214.85,1214.85,1,97.188,755.1508
11/01/2016,590,United States,"Mountain-400-W Silver, 46",769.49,769.49,1,61.5592,419.7784
11/01/2016,528,India,Mountain Tire Tube,4.99,4.99,1,0.3992,1.8663
11/01/2016,217,United States,"Sport-100 Helmet, Black",34.99,34.99,1,2.7992,13.0863
11/01/2016,217,Canada,"Sport-100 Helmet, Black",34.99,34.99,1,2.7992,13.0863
11/01/2016,537,Australia,HL Mountain Tire,35,35,1,2.8,13.09
11/01/2016,473,India,"Classic Vest, L",63.5,63.5,1,5.08,23.749
11/01/2016,355,Italy,"Mountain-200 Silver, 42",2319.99,2319.99,1,185.5992,1265.6195
11/01/2016,480,Italy,Patch Kit/8 Patches,2.29,2.29,1,0.1832,0.8565
12/01/2016,339,Australia,"Road-650 Black, 44",782.99,782.99,1,62.6392,486.7066
12/01/2016,368,France,"Road-250 Red, 44",2443.35,2443.35,1,195.468,1518.7864
12/01/2016,373,Canada,"Road-250 Black, 44",2181.5625,2181.5625,1,174.525,1320.6838
12/01/2016,528,Germany,Mountain Tire Tube,4.99,4.99,1,0.3992,1.8663
12/01/2016,484,Italy,Bike Wash - Dissolver,7.95,7.95,1,0.636,2.9733
12/01/2016,487,Italy,Hydration Pack - 70 oz.,54.99,54.99,1,4.3992,20.5663
12/01/2016,528,Italy,Mountain Tire Tube,4.99,4.99,1,0.3992,1.8663
12/01/2016,225,Italy,AWC Logo Cap,8.99,8.99,1,0.7192,6.9223
12/01/2016,485,Germany,Fender Set - Mountain,21.98,21.98,1,1.7584,8.2205
12/01/2016,222,Australia,"Sport-100 Helmet, Blue",34.99,34.99,1,2.7992,13.0863
12/01/2016,225,Australia,AWC Logo Cap,8.99,8.99,1,0.7192,6.9223
12/01/2016,478,Italy,Mountain Bottle Cage,9.99,9.99,1,0.7992,3.7363
12/01/2016,480,Canada,Patch Kit/8 Patches,2.29,2.29,1,0.1832,0.8565
12/01/2016,528,Canada,Mountain Tire Tube,4.99,4.99,1,0.3992,1.8663
12/01/2016,536,Australia,ML Mountain Tire,29.99,29.99,1,2.3992,11.2163
12/01/2016,538,Italy,LL Road Tire,21.49,21.49,1,1.7192,8.0373
12/01/2016,541,Italy,Touring Tire,28.99,28.99,1,2.3192,10.8423
12/01/2016,225,France,AWC Logo Cap,8.99,8.99,1,0.7192,6.9223
12/01/2016,353,Canada,"Mountain-200 Silver, 38",2319.99,2319.99,1,185.5992,1265.6195
12/01/2016,353,France,"Mountain-200 Silver, 38",2319.99,2319.99,1,185.5992,1265.6195
12/01/2016,480,Germany,Patch Kit/8 Patches,2.29,2.29,1,0.1832,0.8565
12/01/2016,528,Germany,Mountain Tire Tube,4.99,4.99,1,0.3992,1.8663
12/01/2016,529,Canada,Road Tire Tube,3.99,3.99,1,0.3192,1.4923
12/01/2016,485,Germany,Fender Set - Mountain,21.98,21.98,1,1.7584,8.2205
12/01/2016,536,France,ML Mountain Tire,29.99,29.99,1,2.3992,11.2163
12/01/2016,217,Australia,"Sport-100 Helmet, Black",34.99,34.99,1,2.7992,13.0863
12/01/2016,478,Germany,Mountain Bottle Cage,9.99,9.99,1,0.7992,3.7363
12/01/2016,477,Italy,Water Bottle - 30 oz.,4.99,4.99,1,0.3992,1.8663
12/01/2016,529,Italy,Road Tire Tube,3.99,3.99,1,0.3192,1.4923
12/01/2016,237,Canada,"Long-Sleeve Logo Jersey, XL",49.99,49.99,1,3.9992,38.4923
12/01/2016,529,India,Road Tire Tube,3.99,3.99,1,0.3192,1.4923
12/01/2016,214,France,"Sport-100 Helmet, Red",34.99,34.99,1,2.7992,13.0863
13/01/2016,312,United States,"Road-150 Red, 48",3578.27,3578.27,1,286.2616,2171.2942
13/01/2016,310,Italy,"Road-150 Red, 62",3578.27,3578.27,1,286.2616,2171.2942
13/01/2016,352,Germany,"Mountain-200 Silver, 38",2071.4196,2071.4196,1,165.7136,1117.8559
13/01/2016,369,Australia,"Road-250 Red, 48",2443.35,2443.35,1,195.468,1518.7864
13/01/2016,566,Australia,"Touring-3000 Blue, 58",742.35,742.35,1,59.388,461.4448
13/01/2016,491,France,"Short-Sleeve Classic Jersey, XL",53.99,53.99,1,4.3192,41.5723
13/01/2016,231,Italy,"Long-Sleeve Logo Jersey, M",49.99,49.99,1,3.9992,38.4923
13/01/2016,484,India,Bike Wash - Dissolver,7.95,7.95,1,0.636,2.9733
13/01/2016,541,France,Touring Tire,28.99,28.99,1,2.3192,10.8423
13/01/2016,480,Germany,Patch Kit/8 Patches,2.29,2.29,1,0.1832,0.8565
13/01/2016,477,France,Water Bottle - 30 oz.,4.99,4.99,1,0.3992,1.8663
13/01/2016,599,Canada,"Mountain-500 Black, 48",539.99,539.99,1,43.1992,294.5797
13/01/2016,586,Germany,"Touring-3000 Blue, 50",742.35,742.35,1,59.388,461.4448
13/01/2016,580,Germany,"Road-350-W Yellow, 40",1700.99,1700.99,1,136.0792,1082.51
13/01/2016,217,Germany,"Sport-100 Helmet, Black",34.99,34.99,1,2.7992,13.0863
13/01/2016,217,Canada,"Sport-100 Helmet, Black",34.99,34.99,1,2.7992,13.0863
13/01/2016,480,United States,Patch Kit/8 Patches,2.29,2.29,1,0.1832,0.8565
13/01/2016,463,Australia,"Half-Finger Gloves, S",24.49,24.49,1,1.9592,9.1593
13/01/2016,605,Germany,"Road-750 Black, 48",539.99,539.99,1,43.1992,343.6496
13/01/2016,475,United States,"Women's Mountain Shorts, M",69.99,69.99,1,5.5992,26.1763
13/01/2016,606,France,"Road-750 Black, 52",539.99,539.99,1,43.1992,343.6496
13/01/2016,231,United States,"Long-Sleeve Logo Jersey, M",49.99,49.99,1,3.9992,38.4923
13/01/2016,386,India,"Road-550-W Yellow, 42",1120.49,1120.49,1,89.6392,713.0798
13/01/2016,529,India,Road Tire Tube,3.99,3.99,1,0.3192,1.4923
14/01/2016,313,Italy,"Road-150 Red, 52",3578.27,3578.27,1,286.2616,2171.2942
14/01/2016,327,Germany,"Road-650 Red, 44",782.99,782.99,1,62.6392,486.7066
14/01/2016,478,Australia,Mountain Bottle Cage,9.99,9.99,1,0.7992,3.7363
14/01/2016,217,Italy,"Sport-100 Helmet, Black",34.99,34.99,1,2.7992,13.0863
14/01/2016,489,United States,"Short-Sleeve Classic Jersey, M",53.99,53.99,1,4.3192,41.5723
14/01/2016,217,Germany,"Sport-100 Helmet, Black",34.99,34.99,1,2.7992,13.0863
14/01/2016,529,United States,Road Tire Tube,3.99,3.99,1,0.3192,1.4923
14/01/2016,222,United States,"Sport-100 Helmet, Blue",34.99,34.99,1,2.7992,13.0863
14/01/2016,536,Germany,ML Mountain Tire,29.99,29.99,1,2.3992,11.2163
14/01/2016,479,Germany,Road Bottle Cage,8.99,8.99,1,0.7192,3.3623
14/01/2016,563,India,"Touring-1000 Yellow, 54",2384.07,2384.07,1,190.7256,1481.9379
14/01/2016,476,France,"Women's Mountain Shorts, L",69.99,69.99,1,5.5992,26.1763
14/01/2016,477,Italy,Water Bottle - 30 oz.,4.99,4.99,1,0.3992,1.8663
14/01/2016,477,Germany,Water Bottle - 30 oz.,4.99,4.99,1,0.3992,1.8663
14/01/2016,605,France,"Road-750 Black, 48",539.99,539.99,1,43.1992,343.6496
14/01/2016,488,France,"Short-Sleeve Classic Jersey, S",53.99,53.99,1,4.3192,41.5723
14/01/2016,363,Canada,"Mountain-200 Black, 46",2294.99,2294.99,1,183.5992,1251.9813
14/01/2016,480,India,Patch Kit/8 Patches,2.29,2.29,1,0.1832,0.8565
14/01/2016,222,Canada,"Sport-100 Helmet, Blue",34.99,34.99,1,2.7992,13.0863
15/01/2016,368,United States,"Road-250 Red, 44",2443.35,2443.35,1,195.468,1518.7864
15/01/2016,225,Canada,AWC Logo Cap,8.99,8.99,1,0.7192,6.9223
15/01/2016,528,United States,Mountain Tire Tube,4.99,4.99,1,0.3992,1.8663
15/01/2016,477,France,Water Bottle - 30 oz.,4.99,4.99,1,0.3992,1.8663
15/01/2016,477,United States,Water Bottle - 30 oz.,4.99,4.99,1,0.3992,1.8663
15/01/2016,214,United States,"Sport-100 Helmet, Red",34.99,34.99,1,2.7992,13.0863
15/01/2016,538,Australia,LL Road Tire,21.49,21.49,1,1.7192,8.0373
15/01/2016,538,Australia,LL Road Tire,21.49,21.49,1,1.7192,8.0373
15/01/2016,589,Italy,"Mountain-400-W Silver, 42",769.49,769.49,1,61.5592,419.7784
15/01/2016,480,France,Patch Kit/8 Patches,2.29,2.29,1,0.1832,0.8565
15/01/2016,214,France,"Sport-100 Helmet, Red",34.99,34.99,1,2.7992,13.0863
15/01/2016,528,France,Mountain Tire Tube,4.99,4.99,1,0.3992,1.8663
15/01/2016,225,Canada,AWC Logo Cap,8.99,8.99,1,0.7192,6.9223
15/01/2016,477,Italy,Water Bottle - 30 oz.,4.99,4.99,1,0.3992,1.8663
15/01/2016,539,France,ML Road Tire,24.99,24.99,1,1.9992,9.3463
15/01/2016,485,Italy,Fender Set - Mountain,21.98,21.98,1,1.7584,8.2205
15/01/2016,222,Germany,"Sport-100 Helmet, Blue",34.99,34.99,1,2.7992,13.0863
15/01/2016,477,France,Water Bottle - 30 oz.,4.99,4.99,1,0.3992,1.8663
15/01/2016,386,France,"Road-550-W Yellow, 42",1120.49,1120.49,1,89.6392,713.0798
15/01/2016,463,Italy,"Half-Finger Gloves, S",24.49,24.49,1,1.9592,9.1593
15/01/2016,465,Australia,"Half-Finger Gloves, M",24.49,24.49,1,1.9592,9.1593
15/01/2016,530,India,Touring Tire Tube,4.99,4.99,1,0.3992,1.8663
15/01/2016,476,Australia,"Women's Mountain Shorts, L",69.99,69.99,1,5.5992,26.1763
15/01/2016,359,Italy,"Mountain-200 Black, 38",2294.99,2294.99,1,183.5992,1251.9813
15/01/2016,214,India,"Sport-100 Helmet, Red",34.99,34.99,1,2.7992,13.0863
15/01/2016,484,Germany,Bike Wash - Dissolver,7.95,7.95,1,0.636,2.9733
15/01/2016,478,Canada,Mountain Bottle Cage,9.99,9.99,1,0.7992,3.7363
15/01/2016,529,Australia,Road Tire Tube,3.99,3.99,1,0.3192,1.4923
15/01/2016,480,Germany,Patch Kit/8 Patches,2.29,2.29,1,0.1832,0.8565
16/01/2016,311,United States,"Road-150 Red, 44",3578.27,3578.27,1,286.2616,2171.2942
16/01/2016,333,Australia,"Road-650 Black, 58",782.99,782.99,1,62.6392,486.7066
16/01/2016,592,Australia,"Mountain-500 Silver, 42",564.99,564.99,1,45.1992,308.2179
16/01/2016,491,Germany,"Short-Sleeve Classic Jersey, XL",53.99,53.99,1,4.3192,41.5723
16/01/2016,479,India,Road Bottle Cage,8.99,8.99,1,0.7192,3.3623
16/01/2016,237,Italy,"Long-Sleeve Logo Jersey, XL",49.99,49.99,1,3.9992,38.4923
16/01/2016,485,United States,Fender Set - Mountain,21.98,21.98,1,1.7584,8.2205
16/01/2016,477,Canada,Water Bottle - 30 oz.,4.99,4.99,1,0.3992,1.8663
16/01/2016,530,Australia,Touring Tire Tube,4.99,4.99,1,0.3992,1.8663
16/01/2016,463,Canada,"Half-Finger Gloves, S",24.49,24.49,1,1.9592,9.1593
16/01/2016,478,Germany,Mountain Bottle Cage,9.99,9.99,1,0.7992,3.7363
16/01/2016,378,Germany,"Road-250 Black, 52",2443.35,2443.35,1,195.468,1554.9479
16/01/2016,477,France,Water Bottle - 30 oz.,4.99,4.99,1,0.3992,1.8663
16/01/2016,222,India,"Sport-100 Helmet, Blue",34.99,34.99,1,2.7992,13.0863
16/01/2016,536,India,ML Mountain Tire,29.99,29.99,1,2.3992,11.2163
16/01/2016,353,France,"Mountain-200 Silver, 38",2319.99,2319.99,1,185.5992,1265.6195
16/01/2016,568,France,"Touring-3000 Yellow, 44",742.35,742.35,1,59.388,461.4448
16/01/2016,561,France,"Touring-1000 Yellow, 46",2384.07,2384.07,1,190.7256,1481.9379
16/01/2016,536,Australia,ML Mountain Tire,29.99,29.99,1,2.3992,11.2163
16/01/2016,604,Australia,"Road-750 Black, 44",539.99,539.99,1,43.1992,343.6496
16/01/2016,491,Australia,"Short-Sleeve Classic Jersey, XL",53.99,53.99,1,4.3192,41.5723
17/01/2016,222,Canada,"Sport-100 Helmet, Blue",34.99,34.99,1,2.7992,13.0863
17/01/2016,581,France,"Road-350-W Yellow, 42",1700.99,1700.99,1,136.0792,1082.51
17/01/2016,490,France,"Short-Sleeve Classic Jersey, L",53.99,53.99,1,4.3192,41.5723
17/01/2016,537,Italy,HL Mountain Tire,35,35,1,2.8,13.09
17/01/2016,467,United States,"Half-Finger Gloves, L",24.49,24.49,1,1.9592,9.1593
17/01/2016,529,United States,Road Tire Tube,3.99,3.99,1,0.3192,1.4923
17/01/2016,480,India,Patch Kit/8 Patches,2.29,2.29,1,0.1832,0.8565
17/01/2016,485,Italy,Fender Set - Mountain,21.98,21.98,1,1.7584,8.2205
17/01/2016,479,United States,Road Bottle Cage,8.99,8.99,1,0.7192,3.3623
17/01/2016,222,United States,"Sport-100 Helmet, Blue",34.99,34.99,1,2.7992,13.0863
17/01/2016,537,Italy,HL Mountain Tire,35,35,1,2.8,13.09
17/01/2016,231,India,"Long-Sleeve Logo Jersey, M",49.99,49.99,1,3.9992,38.4923
17/01/2016,225,France,AWC Logo Cap,8.99,8.99,1,0.7192,6.9223
17/01/2016,479,Italy,Road Bottle Cage,8.99,8.99,1,0.7192,3.3623
17/01/2016,477,Italy,Water Bottle - 30 oz.,4.99,4.99,1,0.3992,1.8663
17/01/2016,222,Germany,"Sport-100 Helmet, Blue",34.99,34.99,1,2.7992,13.0863
17/01/2016,586,India,"Touring-3000 Blue, 50",742.35,742.35,1,59.388,461.4448
17/01/2016,363,Canada,"Mountain-200 Black, 46",2294.99,2294.99,1,183.5992,1251.9813
17/01/2016,536,India,ML Mountain Tire,29.99,29.99,1,2.3992,11.2163
17/01/2016,530,Italy,Touring Tire Tube,4.99,4.99,1,0.3992,1.8663
17/01/2016,538,Canada,LL Road Tire,21.49,21.49,1,1.7192,8.0373
17/01/2016,530,United States,Touring Tire Tube,4.99,4.99,1,0.3992,1.8663
17/01/2016,485,Canada,Fender Set - Mountain,21.98,21.98,1,1.7584,8.2205
17/01/2016,480,Germany,Patch Kit/8 Patches,2.29,2.29,1,0.1832,0.8565
17/01/2016,228,India,"Long-Sleeve Logo Jersey, S",49.99,49.99,1,3.9992,38.4923
17/01/2016,528,United States,Mountain Tire Tube,4.99,4.99,1,0.3992,1.8663
17/01/2016,217,India,"Sport-100 Helmet, Black",34.99,34.99,1,2.7992,13.0863
17/01/2016,478,Germany,Mountain Bottle Cage,9.99,9.99,1,0.7992,3.7363
17/01/2016,480,India,Patch Kit/8 Patches,2.29,2.29,1,0.1832,0.8565
17/01/2016,217,United States,"Sport-100 Helmet, Black",34.99,34.99,1,2.7992,13.0863
17/01/2016,480,United States,Patch Kit/8 Patches,2.29,2.29,1,0.1832,0.8565
17/01/2016,530,Italy,Touring Tire Tube,4.99,4.99,1,0.3992,1.8663
17/01/2016,530,France,Touring Tire Tube,4.99,4.99,1,0.3992,1.8663
17/01/2016,477,Italy,Water Bottle - 30 oz.,4.99,4.99,1,0.3992,1.8663
17/01/2016,535,India,LL Mountain Tire,24.99,24.99,1,1.9992,9.3463
17/01/2016,477,France,Water Bottle - 30 oz.,4.99,4.99,1,0.3992,1.8663
17/01/2016,530,United States,Touring Tire Tube,4.99,4.99,1,0.3992,1.8663
18/01/2016,356,Canada,"Mountain-200 Silver, 46",2071.4196,2071.4196,1,165.7136,1117.8559
18/01/2016,354,France,"Mountain-200 Silver, 42",2071.4196,2071.4196,1,165.7136,1117.8559
18/01/2016,379,United States,"Road-250 Black, 58",2181.5625,2181.5625,1,174.525,1320.6838
18/01/2016,371,Australia,"Road-250 Red, 58",2181.5625,2181.5625,1,174.525,1320.6838
18/01/2016,478,Italy,Mountain Bottle Cage,9.99,9.99,1,0.7992,3.7363
18/01/2016,541,Canada,Touring Tire,28.99,28.99,1,2.3192,10.8423
18/01/2016,536,Canada,ML Mountain Tire,29.99,29.99,1,2.3992,11.2163
18/01/2016,583,Australia,"Road-350-W Yellow, 48",1700.99,1700.99,1,136.0792,1082.51
18/01/2016,529,Germany,Road Tire Tube,3.99,3.99,1,0.3192,1.4923
18/01/2016,479,Canada,Road Bottle Cage,8.99,8.99,1,0.7192,3.3623
18/01/2016,487,Australia,Hydration Pack - 70 oz.,54.99,54.99,1,4.3992,20.5663
18/01/2016,222,United States,"Sport-100 Helmet, Blue",34.99,34.99,1,2.7992,13.0863
18/01/2016,596,Germany,"Mountain-500 Black, 40",539.99,539.99,1,43.1992,294.5797
18/01/2016,486,Germany,All-Purpose Bike Stand,159,159,1,12.72,59.466
18/01/2016,225,India,AWC Logo Cap,8.99,8.99,1,0.7192,6.9223
18/01/2016,540,Italy,HL Road Tire,32.6,32.6,1,2.608,12.1924
18/01/2016,539,Australia,ML Road Tire,24.99,24.99,1,1.9992,9.3463
18/01/2016,539,Australia,ML Road Tire,24.99,24.99,1,1.9992,9.3463
18/01/2016,222,France,"Sport-100 Helmet, Blue",34.99,34.99,1,2.7992,13.0863
18/01/2016,584,India,"Road-750 Black, 58",539.99,539.99,1,43.1992,343.6496
18/01/2016,529,France,Road Tire Tube,3.99,3.99,1,0.3192,1.4923
18/01/2016,477,France,Water Bottle - 30 oz.,4.99,4.99,1,0.3992,1.8663
18/01/2016,485,Canada,Fender Set - Mountain,21.98,21.98,1,1.7584,8.2205
18/01/2016,539,France,ML Road Tire,24.99,24.99,1,1.9992,9.3463
18/01/2016,225,Canada,AWC Logo Cap,8.99,8.99,1,0.7192,6.9223
18/01/2016,528,India,Mountain Tire Tube,4.99,4.99,1,0.3992,1.8663
18/01/2016,463,United States,"Half-Finger Gloves, S",24.49,24.49,1,1.9592,9.1593
18/01/2016,538,France,LL Road Tire,21.49,21.49,1,1.7192,8.0373
18/01/2016,231,Italy,"Long-Sleeve Logo Jersey, M",49.99,49.99,1,3.9992,38.4923
19/01/2016,345,India,"Mountain-100 Silver, 42",3399.99,3399.99,1,271.9992,1912.1544
19/01/2016,354,Australia,"Mountain-200 Silver, 42",2071.4196,2071.4196,1,165.7136,1117.8559
19/01/2016,530,India,Touring Tire Tube,4.99,4.99,1,0.3992,1.8663
19/01/2016,477,United States,Water Bottle - 30 oz.,4.99,4.99,1,0.3992,1.8663
19/01/2016,536,Canada,ML Mountain Tire,29.99,29.99,1,2.3992,11.2163
19/01/2016,471,United States,"Classic Vest, S",63.5,63.5,1,5.08,23.749
19/01/2016,541,Canada,Touring Tire,28.99,28.99,1,2.3192,10.8423
19/01/2016,214,India,"Sport-100 Helmet, Red",34.99,34.99,1,2.7992,13.0863
19/01/2016,580,India,"Road-350-W Yellow, 40",1700.99,1700.99,1,136.0792,1082.51
19/01/2016,528,Italy,Mountain Tire Tube,4.99,4.99,1,0.3992,1.8663
19/01/2016,473,United States,"Classic Vest, L",63.5,63.5,1,5.08,23.749
19/01/2016,237,Germany,"Long-Sleeve Logo Jersey, XL",49.99,49.99,1,3.9992,38.4923
19/01/2016,485,Germany,Fender Set - Mountain,21.98,21.98,1,1.7584,8.2205
19/01/2016,485,United States,Fender Set - Mountain,21.98,21.98,1,1.7584,8.2205
19/01/2016,467,France,"Half-Finger Gloves, L",24.49,24.49,1,1.9592,9.1593
19/01/2016,217,France,"Sport-100 Helmet, Black",34.99,34.99,1,2.7992,13.0863
19/01/2016,539,Australia,ML Road Tire,24.99,24.99,1,1.9992,9.3463
19/01/2016,477,Italy,Water Bottle - 30 oz.,4.99,4.99,1,0.3992,1.8663
19/01/2016,530,United States,Touring Tire Tube,4.99,4.99,1,0.3992,1.8663
19/01/2016,214,India,"Sport-100 Helmet, Red",34.99,34.99,1,2.7992,13.0863
19/01/2016,580,India,"Road-350-W Yellow, 40",1700.99,1700.99,1,136.0792,1082.51
19/01/2016,361,India,"Mountain-200 Black, 42",2294.99,2294.99,1,183.5992,1251.9813
19/01/2016,480,Germany,Patch Kit/8 Patches,2.29,2.29,1,0.1832,0.8565
19/01/2016,353,Australia,"Mountain-200 Silver, 38",2319.99,2319.99,1,185.5992,1265.6195
19/01/2016,529,Italy,Road Tire Tube,3.99,3.99,1,0.3192,1.4923
19/01/2016,477,France,Water Bottle - 30 oz.,4.99,4.99,1,0.3992,1.8663
19/01/2016,528,Germany,Mountain Tire Tube,4.99,4.99,1,0.3992,1.8663
19/01/2016,225,Australia,AWC Logo Cap,8.99,8.99,1,0.7192,6.9223
19/01/2016,596,Italy,"Mountain-500 Black, 40",539.99,539.99,1,43.1992,294.5797
19/01/2016,479,Australia,Road Bottle Cage,8.99,8.99,1,0.7192,3.3623
19/01/2016,372,Germany,"Road-250 Red, 58",2443.35,2443.35,1,195.468,1554.9479
20/01/2016,321,Italy,"Road-650 Red, 58",782.99,782.99,1,62.6392,486.7066
20/01/2016,354,India,"Mountain-200 Silver, 42",2071.4196,2071.4196,1,165.7136,1117.8559
20/01/2016,222,Italy,"Sport-100 Helmet, Blue",34.99,34.99,1,2.7992,13.0863
20/01/2016,584,Australia,"Road-750 Black, 58",539.99,539.99,1,43.1992,343.6496
20/01/2016,537,India,HL Mountain Tire,35,35,1,2.8,13.09
20/01/2016,528,Italy,Mountain Tire Tube,4.99,4.99,1,0.3992,1.8663
20/01/2016,478,India,Mountain Bottle Cage,9.99,9.99,1,0.7992,3.7363
20/01/2016,477,Germany,Water Bottle - 30 oz.,4.99,4.99,1,0.3992,1.8663
20/01/2016,478,Germany,Mountain Bottle Cage,9.99,9.99,1,0.7992,3.7363
20/01/2016,560,United States,"Touring-2000 Blue, 60",1214.85,1214.85,1,97.188,755.1508
20/01/2016,217,India,"Sport-100 Helmet, Black",34.99,34.99,1,2.7992,13.0863
20/01/2016,225,Australia,AWC Logo Cap,8.99,8.99,1,0.7192,6.9223
20/01/2016,479,Canada,Road Bottle Cage,8.99,8.99,1,0.7192,3.3623
20/01/2016,477,Canada,Water Bottle - 30 oz.,4.99,4.99,1,0.3992,1.8663
20/01/2016,606,France,"Road-750 Black, 52",539.99,539.99,1,43.1992,343.6496
20/01/2016,214,Germany,"Sport-100 Helmet, Red",34.99,34.99,1,2.7992,13.0863
20/01/2016,485,France,Fender Set - Mountain,21.98,21.98,1,1.7584,8.2205
20/01/2016,225,Australia,AWC Logo Cap,8.99,8.99,1,0.7192,6.9223
20/01/2016,580,Germany,"Road-350-W Yellow, 40",1700.99,1700.99,1,136.0792,1082.51
20/01/2016,485,Germany,Fender Set - Mountain,21.98,21.98,1,1.7584,8.2205
20/01/2016,528,France,Mountain Tire Tube,4.99,4.99,1,0.3992,1.8663
20/01/2016,529,India,Road Tire Tube,3.99,3.99,1,0.3192,1.4923
20/01/2016,363,United States,"Mountain-200 Black, 46",2294.99,2294.99,1,183.5992,1251.9813
20/01/2016,372,France,"Road-250 Red, 58",2443.35,2443.35,1,195.468,1554.9479
20/01/2016,588,Australia,"Mountain-400-W Silver, 40",769.49,769.49,1,61.5592,419.7784
20/01/2016,222,France,"Sport-100 Helmet, Blue",34.99,34.99,1,2.7992,13.0863
21/01/2016,310,France,"Road-150 Red, 62",3578.27,3578.27,1,286.2616,2171.2942
21/01/2016,312,Australia,"Road-150 Red, 48",3578.27,3578.27,1,286.2616,2171.2942
21/01/2016,356,Italy,"Mountain-200 Silver, 46",2071.4196,2071.4196,1,165.7136,1117.8559
21/01/2016,529,India,Road Tire Tube,3.99,3.99,1,0.3192,1.4923
21/01/2016,582,Australia,"Road-350-W Yellow, 44",1700.99,1700.99,1,136.0792,1082.51
21/01/2016,477,Canada,Water Bottle - 30 oz.,4.99,4.99,1,0.3992,1.8663
21/01/2016,529,Italy,Road Tire Tube,3.99,3.99,1,0.3192,1.4923
21/01/2016,536,India,ML Mountain Tire,29.99,29.99,1,2.3992,11.2163
21/01/2016,477,Italy,Water Bottle - 30 oz.,4.99,4.99,1,0.3992,1.8663
21/01/2016,536,France,ML Mountain Tire,29.99,29.99,1,2.3992,11.2163
21/01/2016,568,Germany,"Touring-3000 Yellow, 44",742.35,742.35,1,59.388,461.4448
21/01/2016,217,France,"Sport-100 Helmet, Black",34.99,34.99,1,2.7992,13.0863
21/01/2016,384,Australia,"Road-550-W Yellow, 40",1120.49,1120.49,1,89.6392,713.0798
21/01/2016,485,United States,Fender Set - Mountain,21.98,21.98,1,1.7584,8.2205
21/01/2016,528,Germany,Mountain Tire Tube,4.99,4.99,1,0.3992,1.8663
21/01/2016,480,Canada,Patch Kit/8 Patches,2.29,2.29,1,0.1832,0.8565
21/01/2016,487,India,Hydration Pack - 70 oz.,54.99,54.99,1,4.3992,20.5663
21/01/2016,529,Germany,Road Tire Tube,3.99,3.99,1,0.3192,1.4923
21/01/2016,478,Australia,Mountain Bottle Cage,9.99,9.99,1,0.7992,3.7363
21/01/2016,485,Australia,Fender Set - Mountain,21.98,21.98,1,1.7584,8.2205
21/01/2016,237,France,"Long-Sleeve Logo Jersey, XL",49.99,49.99,1,3.9992,38.4923
21/01/2016,595,Italy,"Mountain-500 Silver, 52",564.99,564.99,1,45.1992,308.2179
21/01/2016,357,Canada,"Mountain-200 Silver, 46",2319.99,2319.99,1,185.5992,1265.6195
21/01/2016,485,Canada,Fender Set - Mountain,21.98,21.98,1,1.7584,8.2205
21/01/2016,480,France,Patch Kit/8 Patches,2.29,2.29,1,0.1832,0.8565
21/01/2016,467,Germany,"Half-Finger Gloves, L",24.49,24.49,1,1.9592,9.1593
21/01/2016,357,India,"Mountain-200 Silver, 46",2319.99,2319.99,1,185.5992,1265.6195
21/01/2016,465,India,"Half-Finger Gloves, M",24.49,24.49,1,1.9592,9.1593
21/01/2016,536,Italy,ML Mountain Tire,29.99,29.99,1,2.3992,11.2163
21/01/2016,528,Australia,Mountain Tire Tube,4.99,4.99,1,0.3992,1.8663
21/01/2016,480,Italy,Patch Kit/8 Patches,2.29,2.29,1,0.1832,0.8565
21/01/2016,485,Canada,Fender Set - Mountain,21.98,21.98,1,1.7584,8.2205
21/01/2016,477,France,Water Bottle - 30 oz.,4.99,4.99,1,0.3992,1.8663
21/01/2016,541,Canada,Touring Tire,28.99,28.99,1,2.3192,10.8423
21/01/2016,361,France,"Mountain-200 Black, 42",2294.99,2294.99,1,183.5992,1251.9813
21/01/2016,539,Australia,ML Road Tire,24.99,24.99,1,1.9992,9.3463
21/01/2016,217,Canada,"Sport-100 Helmet, Black",34.99,34.99,1,2.7992,13.0863
21/01/2016,480,Canada,Patch Kit/8 Patches,2.29,2.29,1,0.1832,0.8565
21/01/2016,363,Australia,"Mountain-200 Black, 46",2294.99,2294.99,1,183.5992,1251.9813
21/01/2016,222,India,"Sport-100 Helmet, Blue",34.99,34.99,1,2.7992,13.0863
21/01/2016,214,Italy,"Sport-100 Helmet, Red",34.99,34.99,1,2.7992,13.0863
21/01/2016,490,Italy,"Short-Sleeve Classic Jersey, L",53.99,53.99,1,4.3192,41.5723
22/01/2016,347,Italy,"Mountain-100 Silver, 48",3399.99,3399.99,1,271.9992,1912.1544
22/01/2016,328,Australia,"Road-650 Red, 48",699.0982,699.0982,1,55.9279,413.1463
22/01/2016,369,India,"Road-250 Red, 48",2443.35,2443.35,1,195.468,1518.7864
22/01/2016,363,United States,"Mountain-200 Black, 46",2294.99,2294.99,1,183.5992,1251.9813
22/01/2016,540,Canada,HL Road Tire,32.6,32.6,1,2.608,12.1924
22/01/2016,465,France,"Half-Finger Gloves, M",24.49,24.49,1,1.9592,9.1593
22/01/2016,487,Italy,Hydration Pack - 70 oz.,54.99,54.99,1,4.3992,20.5663
22/01/2016,536,France,ML Mountain Tire,29.99,29.99,1,2.3992,11.2163
22/01/2016,237,India,"Long-Sleeve Logo Jersey, XL",49.99,49.99,1,3.9992,38.4923
22/01/2016,482,France,"Racing Socks, L",8.99,8.99,1,0.7192,3.3623
22/01/2016,528,India,Mountain Tire Tube,4.99,4.99,1,0.3992,1.8663
22/01/2016,541,Italy,Touring Tire,28.99,28.99,1,2.3192,10.8423
22/01/2016,541,Australia,Touring Tire,28.99,28.99,1,2.3192,10.8423
22/01/2016,479,France,Road Bottle Cage,8.99,8.99,1,0.7192,3.3623
22/01/2016,477,Canada,Water Bottle - 30 oz.,4.99,4.99,1,0.3992,1.8663
22/01/2016,488,Germany,"Short-Sleeve Classic Jersey, S",53.99,53.99,1,4.3192,41.5723
22/01/2016,485,United States,Fender Set - Mountain,21.98,21.98,1,1.7584,8.2205
22/01/2016,530,Australia,Touring Tire Tube,4.99,4.99,1,0.3992,1.8663
22/01/2016,540,Germany,HL Road Tire,32.6,32.6,1,2.608,12.1924
22/01/2016,581,Canada,"Road-350-W Yellow, 42",1700.99,1700.99,1,136.0792,1082.51
22/01/2016,477,Germany,Water Bottle - 30 oz.,4.99,4.99,1,0.3992,1.8663
22/01/2016,480,Australia,Patch Kit/8 Patches,2.29,2.29,1,0.1832,0.8565
22/01/2016,575,Australia,"Touring-1000 Blue, 54",2384.07,2384.07,1,190.7256,1481.9379
22/01/2016,480,United States,Patch Kit/8 Patches,2.29,2.29,1,0.1832,0.8565
22/01/2016,467,Italy,"Half-Finger Gloves, L",24.49,24.49,1,1.9592,9.1593
22/01/2016,529,Australia,Road Tire Tube,3.99,3.99,1,0.3192,1.4923
22/01/2016,225,India,AWC Logo Cap,8.99,8.99,1,0.7192,6.9223
22/01/2016,539,Canada,ML Road Tire,24.99,24.99,1,1.9992,9.3463
22/01/2016,478,India,Mountain Bottle Cage,9.99,9.99,1,0.7992,3.7363
22/01/2016,384,France,"Road-550-W Yellow, 40",1120.49,1120.49,1,89.6392,713.0798
23/01/2016,313,Germany,"Road-150 Red, 52",3578.27,3578.27,1,286.2616,2171.2942
23/01/2016,313,Canada,"Road-150 Red, 52",3578.27,3578.27,1,286.2616,2171.2942
23/01/2016,352,Italy,"Mountain-200 Silver, 38",2071.4196,2071.4196,1,165.7136,1117.8559
23/01/2016,540,Italy,HL Road Tire,32.6,32.6,1,2.608,12.1924
23/01/2016,540,Germany,HL Road Tire,32.6,32.6,1,2.608,12.1924
23/01/2016,476,Germany,"Women's Mountain Shorts, L",69.99,69.99,1,5.5992,26.1763
23/01/2016,474,France,"Women's Mountain Shorts, S",69.99,69.99,1,5.5992,26.1763
23/01/2016,538,Australia,LL Road Tire,21.49,21.49,1,1.7192,8.0373
23/01/2016,477,Canada,Water Bottle - 30 oz.,4.99,4.99,1,0.3992,1.8663
23/01/2016,478,Australia,Mountain Bottle Cage,9.99,9.99,1,0.7992,3.7363
23/01/2016,222,United States,"Sport-100 Helmet, Blue",34.99,34.99,1,2.7992,13.0863
23/01/2016,480,Italy,Patch Kit/8 Patches,2.29,2.29,1,0.1832,0.8565
23/01/2016,480,India,Patch Kit/8 Patches,2.29,2.29,1,0.1832,0.8565
23/01/2016,480,Australia,Patch Kit/8 Patches,2.29,2.29,1,0.1832,0.8565
23/01/2016,463,Canada,"Half-Finger Gloves, S",24.49,24.49,1,1.9592,9.1593
23/01/2016,225,India,AWC Logo Cap,8.99,8.99,1,0.7192,6.9223
23/01/2016,477,Canada,Water Bottle - 30 oz.,4.99,4.99,1,0.3992,1.8663
23/01/2016,538,Australia,LL Road Tire,21.49,21.49,1,1.7192,8.0373
23/01/2016,485,France,Fender Set - Mountain,21.98,21.98,1,1.7584,8.2205
23/01/2016,581,United States,"Road-350-W Yellow, 42",1700.99,1700.99,1,136.0792,1082.51
23/01/2016,584,India,"Road-750 Black, 58",539.99,539.99,1,43.1992,343.6496
23/01/2016,536,Canada,ML Mountain Tire,29.99,29.99,1,2.3992,11.2163
23/01/2016,478,Italy,Mountain Bottle Cage,9.99,9.99,1,0.7992,3.7363
23/01/2016,359,Canada,"Mountain-200 Black, 38",2294.99,2294.99,1,183.5992,1251.9813
23/01/2016,530,Canada,Touring Tire Tube,4.99,4.99,1,0.3992,1.8663
23/01/2016,541,United States,Touring Tire,28.99,28.99,1,2.3192,10.8423
23/01/2016,388,France,"Road-550-W Yellow, 44",1120.49,1120.49,1,89.6392,713.0798
23/01/2016,581,United States,"Road-350-W Yellow, 42",1700.99,1700.99,1,136.0792,1082.51
23/01/2016,480,Italy,Patch Kit/8 Patches,2.29,2.29,1,0.1832,0.8565
24/01/2016,479,United States,Road Bottle Cage,8.99,8.99,1,0.7192,3.3623
24/01/2016,475,India,"Women's Mountain Shorts, M",69.99,69.99,1,5.5992,26.1763
24/01/2016,529,United States,Road Tire Tube,3.99,3.99,1,0.3192,1.4923
24/01/2016,485,France,Fender Set - Mountain,21.98,21.98,1,1.7584,8.2205
24/01/2016,541,Canada,Touring Tire,28.99,28.99,1,2.3192,10.8423
24/01/2016,214,France,"Sport-100 Helmet, Red",34.99,34.99,1,2.7992,13.0863
24/01/2016,538,India,LL Road Tire,21.49,21.49,1,1.7192,8.0373
24/01/2016,355,India,"Mountain-200 Silver, 42",2319.99,2319.99,1,185.5992,1265.6195
24/01/2016,480,United States,Patch Kit/8 Patches,2.29,2.29,1,0.1832,0.8565
24/01/2016,530,India,Touring Tire Tube,4.99,4.99,1,0.3992,1.8663
24/01/2016,535,Italy,LL Mountain Tire,24.99,24.99,1,1.9992,9.3463
24/01/2016,465,France,"Half-Finger Gloves, M",24.49,24.49,1,1.9592,9.1593
24/01/2016,484,France,Bike Wash - Dissolver,7.95,7.95,1,0.636,2.9733
24/01/2016,485,Italy,Fender Set - Mountain,21.98,21.98,1,1.7584,8.2205
24/01/2016,480,India,Patch Kit/8 Patches,2.29,2.29,1,0.1832,0.8565
24/01/2016,562,Italy,"Touring-1000 Yellow, 50",2384.07,2384.07,1,190.7256,1481.9379
24/01/2016,605,India,"Road-750 Black, 48",539.99,539.99,1,43.1992,343.6496
24/01/2016,485,Germany,Fender Set - Mountain,21.98,21.98,1,1.7584,8.2205
24/01/2016,217,India,"Sport-100 Helmet, Black",34.99,34.99,1,2.7992,13.0863
24/01/2016,530,Italy,Touring Tire Tube,4.99,4.99,1,0.3992,1.8663
24/01/2016,491,France,"Short-Sleeve Classic Jersey, XL",53.99,53.99,1,4.3192,41.5723
24/01/2016,231,Germany,"Long-Sleeve Logo Jersey, M",49.99,49.99,1,3.9992,38.4923
24/01/2016,541,France,Touring Tire,28.99,28.99,1,2.3192,10.8423
24/01/2016,214,Australia,"Sport-100 Helmet, Red",34.99,34.99,1,2.7992,13.0863
24/01/2016,485,India,Fender Set - Mountain,21.98,21.98,1,1.7584,8.2205
24/01/2016,237,Australia,"Long-Sleeve Logo Jersey, XL",49.99,49.99,1,3.9992,38.4923
24/01/2016,529,Italy,Road Tire Tube,3.99,3.99,1,0.3192,1.4923
24/01/2016,477,United States,Water Bottle - 30 oz.,4.99,4.99,1,0.3992,1.8663
24/01/2016,478,Canada,Mountain Bottle Cage,9.99,9.99,1,0.7992,3.7363
25/01/2016,310,Canada,"Road-150 Red, 62",3578.27,3578.27,1,286.2616,2171.2942
25/01/2016,312,India,"Road-150 Red, 48",3578.27,3578.27,1,286.2616,2171.2942
25/01/2016,477,Canada,Water Bottle - 30 oz.,4.99,4.99,1,0.3992,1.8663
25/01/2016,529,Australia,Road Tire Tube,3.99,3.99,1,0.3192,1.4923
25/01/2016,485,Canada,Fender Set - Mountain,21.98,21.98,1,1.7584,8.2205
25/01/2016,541,Canada,Touring Tire,28.99,28.99,1,2.3192,10.8423
25/01/2016,214,Italy,"Sport-100 Helmet, Red",34.99,34.99,1,2.7992,13.0863
25/01/2016,214,Canada,"Sport-100 Helmet, Red",34.99,34.99,1,2.7992,13.0863
25/01/2016,539,Canada,ML Road Tire,24.99,24.99,1,1.9992,9.3463
25/01/2016,477,France,Water Bottle - 30 oz.,4.99,4.99,1,0.3992,1.8663
25/01/2016,222,Italy,"Sport-100 Helmet, Blue",34.99,34.99,1,2.7992,13.0863
25/01/2016,539,Italy,ML Road Tire,24.99,24.99,1,1.9992,9.3463
25/01/2016,541,India,Touring Tire,28.99,28.99,1,2.3192,10.8423
25/01/2016,599,Canada,"Mountain-500 Black, 48",539.99,539.99,1,43.1992,294.5797
25/01/2016,225,India,AWC Logo Cap,8.99,8.99,1,0.7192,6.9223
25/01/2016,376,Canada,"Road-250 Black, 48",2443.35,2443.35,1,195.468,1554.9479
25/01/2016,477,India,Water Bottle - 30 oz.,4.99,4.99,1,0.3992,1.8663
25/01/2016,477,Canada,Water Bottle - 30 oz.,4.99,4.99,1,0.3992,1.8663
25/01/2016,477,United States,Water Bottle - 30 oz.,4.99,4.99,1,0.3992,1.8663
25/01/2016,535,India,LL Mountain Tire,24.99,24.99,1,1.9992,9.3463
25/01/2016,606,Italy,"Road-750 Black, 52",539.99,539.99,1,43.1992,343.6496
25/01/2016,217,Germany,"Sport-100 Helmet, Black",34.99,34.99,1,2.7992,13.0863
25/01/2016,529,Australia,Road Tire Tube,3.99,3.99,1,0.3192,1.4923
25/01/2016,217,Canada,"Sport-100 Helmet, Black",34.99,34.99,1,2.7992,13.0863
25/01/2016,477,Italy,Water Bottle - 30 oz.,4.99,4.99,1,0.3992,1.8663
25/01/2016,566,India,"Touring-3000 Blue, 58",742.35,742.35,1,59.388,461.4448
25/01/2016,384,United States,"Road-550-W Yellow, 40",1120.49,1120.49,1,89.6392,713.0798
25/01/2016,485,Canada,Fender Set - Mountain,21.98,21.98,1,1.7584,8.2205
25/01/2016,536,India,ML Mountain Tire,29.99,29.99,1,2.3992,11.2163
25/01/2016,569,France,"Touring-3000 Yellow, 50",742.35,742.35,1,59.388,461.4448
25/01/2016,477,Canada,Water Bottle - 30 oz.,4.99,4.99,1,0.3992,1.8663
25/01/2016,528,Germany,Mountain Tire Tube,4.99,4.99,1,0.3992,1.8663
25/01/2016,538,Australia,LL Road Tire,21.49,21.49,1,1.7192,8.0373
25/01/2016,478,Germany,Mountain Bottle Cage,9.99,9.99,1,0.7992,3.7363
25/01/2016,485,United States,Fender Set - Mountain,21.98,21.98,1,1.7584,8.2205
25/01/2016,528,Australia,Mountain Tire Tube,4.99,4.99,1,0.3992,1.8663
25/01/2016,463,Australia,"Half-Finger Gloves, S",24.49,24.49,1,1.9592,9.1593
25/01/2016,214,Canada,"Sport-100 Helmet, Red",34.99,34.99,1,2.7992,13.0863
26/01/2016,314,France,"Road-150 Red, 56",3578.27,3578.27,1,286.2616,2171.2942
26/01/2016,324,India,"Road-650 Red, 62",699.0982,699.0982,1,55.9279,413.1463
26/01/2016,379,United States,"Road-250 Black, 58",2181.5625,2181.5625,1,174.525,1320.6838
26/01/2016,352,France,"Mountain-200 Silver, 38",2071.4196,2071.4196,1,165.7136,1117.8559
26/01/2016,389,Canada,"Road-550-W Yellow, 48",1000.4375,1000.4375,1,80.035,605.6492
26/01/2016,368,Canada,"Road-250 Red, 44",2443.35,2443.35,1,195.468,1518.7864
26/01/2016,377,France,"Road-250 Black, 52",2181.5625,2181.5625,1,174.525,1320.6838
26/01/2016,488,India,"Short-Sleeve Classic Jersey, S",53.99,53.99,1,4.3192,41.5723
26/01/2016,214,Germany,"Sport-100 Helmet, Red",34.99,34.99,1,2.7992,13.0863
26/01/2016,541,India,Touring Tire,28.99,28.99,1,2.3192,10.8423
26/01/2016,480,United States,Patch Kit/8 Patches,2.29,2.29,1,0.1832,0.8565
26/01/2016,483,Canada,Hitch Rack - 4-Bike,120,120,1,9.6,44.88
26/01/2016,214,Germany,"Sport-100 Helmet, Red",34.99,34.99,1,2.7992,13.0863
26/01/2016,222,Italy,"Sport-100 Helmet, Blue",34.99,34.99,1,2.7992,13.0863
26/01/2016,528,United States,Mountain Tire Tube,4.99,4.99,1,0.3992,1.8663
26/01/2016,359,India,"Mountain-200 Black, 38",2294.99,2294.99,1,183.5992,1251.9813
26/01/2016,605,Australia,"Road-750 Black, 48",539.99,539.99,1,43.1992,343.6496
26/01/2016,489,Australia,"Short-Sleeve Classic Jersey, M",53.99,53.99,1,4.3192,41.5723
26/01/2016,217,France,"Sport-100 Helmet, Black",34.99,34.99,1,2.7992,13.0863
26/01/2016,583,Canada,"Road-350-W Yellow, 48",1700.99,1700.99,1,136.0792,1082.51
26/01/2016,472,United States,"Classic Vest, M",63.5,63.5,1,5.08,23.749
26/01/2016,477,Canada,Water Bottle - 30 oz.,4.99,4.99,1,0.3992,1.8663
26/01/2016,214,India,"Sport-100 Helmet, Red",34.99,34.99,1,2.7992,13.0863
26/01/2016,480,France,Patch Kit/8 Patches,2.29,2.29,1,0.1832,0.8565
26/01/2016,479,Canada,Road Bottle Cage,8.99,8.99,1,0.7192,3.3623
26/01/2016,485,Australia,Fender Set - Mountain,21.98,21.98,1,1.7584,8.2205
26/01/2016,476,France,"Women's Mountain Shorts, L",69.99,69.99,1,5.5992,26.1763
26/01/2016,488,India,"Short-Sleeve Classic Jersey, S",53.99,53.99,1,4.3192,41.5723
26/01/2016,595,Canada,"Mountain-500 Silver, 52",564.99,564.99,1,45.1992,308.2179
26/01/2016,483,Australia,Hitch Rack - 4-Bike,120,120,1,9.6,44.88
26/01/2016,217,France,"Sport-100 Helmet, Black",34.99,34.99,1,2.7992,13.0863
26/01/2016,234,Australia,"Long-Sleeve Logo Jersey, L",49.99,49.99,1,3.9992,38.4923
26/01/2016,540,Canada,HL Road Tire,32.6,32.6,1,2.608,12.1924
26/01/2016,225,France,AWC Logo Cap,8.99,8.99,1,0.7192,6.9223
27/01/2016,356,India,"Mountain-200 Silver, 46",2071.4196,2071.4196,1,165.7136,1117.8559
27/01/2016,535,Germany,LL Mountain Tire,24.99,24.99,1,1.9992,9.3463
27/01/2016,222,Italy,"Sport-100 Helmet, Blue",34.99,34.99,1,2.7992,13.0863
27/01/2016,477,Germany,Water Bottle - 30 oz.,4.99,4.99,1,0.3992,1.8663
27/01/2016,485,Italy,Fender Set - Mountain,21.98,21.98,1,1.7584,8.2205
27/01/2016,478,United States,Mountain Bottle Cage,9.99,9.99,1,0.7992,3.7363
27/01/2016,225,Germany,AWC Logo Cap,8.99,8.99,1,0.7192,6.9223
27/01/2016,529,Germany,Road Tire Tube,3.99,3.99,1,0.3192,1.4923
27/01/2016,569,Germany,"Touring-3000 Yellow, 50",742.35,742.35,1,59.388,461.4448
27/01/2016,485,Italy,Fender Set - Mountain,21.98,21.98,1,1.7584,8.2205
27/01/2016,357,Australia,"Mountain-200 Silver, 46",2319.99,2319.99,1,185.5992,1265.6195
27/01/2016,528,Germany,Mountain Tire Tube,4.99,4.99,1,0.3992,1.8663
27/01/2016,529,Germany,Road Tire Tube,3.99,3.99,1,0.3192,1.4923
27/01/2016,530,Italy,Touring Tire Tube,4.99,4.99,1,0.3992,1.8663
27/01/2016,529,United States,Road Tire Tube,3.99,3.99,1,0.3192,1.4923
27/01/2016,361,France,"Mountain-200 Black, 42",2294.99,2294.99,1,183.5992,1251.9813
27/01/2016,481,Italy,"Racing Socks, M",8.99,8.99,1,0.7192,3.3623
27/01/2016,477,Germany,Water Bottle - 30 oz.,4.99,4.99,1,0.3992,1.8663
27/01/2016,477,India,Water Bottle - 30 oz.,4.99,4.99,1,0.3992,1.8663
27/01/2016,528,Germany,Mountain Tire Tube,4.99,4.99,1,0.3992,1.8663
27/01/2016,529,United States,Road Tire Tube,3.99,3.99,1,0.3192,1.4923
27/01/2016,484,India,Bike Wash - Dissolver,7.95,7.95,1,0.636,2.9733
27/01/2016,467,Canada,"Half-Finger Gloves, L",24.49,24.49,1,1.9592,9.1593
27/01/2016,537,Germany,HL Mountain Tire,35,35,1,2.8,13.09
27/01/2016,539,United States,ML Road Tire,24.99,24.99,1,1.9992,9.3463
27/01/2016,480,India,Patch Kit/8 Patches,2.29,2.29,1,0.1832,0.8565
27/01/2016,479,India,Road Bottle Cage,8.99,8.99,1,0.7192,3.3623
27/01/2016,529,India,Road Tire Tube,3.99,3.99,1,0.3192,1.4923
27/01/2016,484,Italy,Bike Wash - Dissolver,7.95,7.95,1,0.636,2.9733
27/01/2016,490,India,"Short-Sleeve Classic Jersey, L",53.99,53.99,1,4.3192,41.5723
27/01/2016,488,Australia,"Short-Sleeve Classic Jersey, S",53.99,53.99,1,4.3192,41.5723
27/01/2016,477,Germany,Water Bottle - 30 oz.,4.99,4.99,1,0.3992,1.8663
27/01/2016,528,India,Mountain Tire Tube,4.99,4.99,1,0.3992,1.8663
28/01/2016,375,France,"Road-250 Black, 48",2181.5625,2181.5625,1,174.525,1320.6838
28/01/2016,354,Italy,"Mountain-200 Silver, 42",2071.4196,2071.4196,1,165.7136,1117.8559
28/01/2016,357,Germany,"Mountain-200 Silver, 46",2319.99,2319.99,1,185.5992,1265.6195
28/01/2016,539,India,ML Road Tire,24.99,24.99,1,1.9992,9.3463
28/01/2016,538,Germany,LL Road Tire,21.49,21.49,1,1.7192,8.0373
28/01/2016,475,Germany,"Women's Mountain Shorts, M",69.99,69.99,1,5.5992,26.1763
28/01/2016,528,Australia,Mountain Tire Tube,4.99,4.99,1,0.3992,1.8663
28/01/2016,480,Canada,Patch Kit/8 Patches,2.29,2.29,1,0.1832,0.8565
28/01/2016,222,India,"Sport-100 Helmet, Blue",34.99,34.99,1,2.7992,13.0863
28/01/2016,380,France,"Road-250 Black, 58",2443.35,2443.35,1,195.468,1554.9479
28/01/2016,388,United States,"Road-550-W Yellow, 44",1120.49,1120.49,1,89.6392,713.0798
28/01/2016,231,France,"Long-Sleeve Logo Jersey, M",49.99,49.99,1,3.9992,38.4923
28/01/2016,478,India,Mountain Bottle Cage,9.99,9.99,1,0.7992,3.7363
28/01/2016,576,United States,"Touring-1000 Blue, 60",2384.07,2384.07,1,190.7256,1481.9379
28/01/2016,536,Germany,ML Mountain Tire,29.99,29.99,1,2.3992,11.2163
28/01/2016,487,Canada,Hydration Pack - 70 oz.,54.99,54.99,1,4.3992,20.5663
28/01/2016,485,Australia,Fender Set - Mountain,21.98,21.98,1,1.7584,8.2205
28/01/2016,480,France,Patch Kit/8 Patches,2.29,2.29,1,0.1832,0.8565
28/01/2016,535,Germany,LL Mountain Tire,24.99,24.99,1,1.9992,9.3463
28/01/2016,386,Australia,"Road-550-W Yellow, 42",1120.49,1120.49,1,89.6392,713.0798
28/01/2016,380,Germany,"Road-250 Black, 58",2443.35,2443.35,1,195.468,1554.9479
28/01/2016,225,France,AWC Logo Cap,8.99,8.99,1,0.7192,6.9223
28/01/2016,225,India,AWC Logo Cap,8.99,8.99,1,0.7192,6.9223
28/01/2016,474,Italy,"Women's Mountain Shorts, S",69.99,69.99,1,5.5992,26.1763
28/01/2016,478,United States,Mountain Bottle Cage,9.99,9.99,1,0.7992,3.7363
29/01/2016,214,Italy,"Sport-100 Helmet, Red",34.99,34.99,1,2.7992,13.0863
29/01/2016,477,India,Water Bottle - 30 oz.,4.99,4.99,1,0.3992,1.8663
29/01/2016,477,United States,Water Bottle - 30 oz.,4.99,4.99,1,0.3992,1.8663
29/01/2016,214,Canada,"Sport-100 Helmet, Red",34.99,34.99,1,2.7992,13.0863
29/01/2016,477,Canada,Water Bottle - 30 oz.,4.99,4.99,1,0.3992,1.8663
29/01/2016,537,Italy,HL Mountain Tire,35,35,1,2.8,13.09
29/01/2016,477,France,Water Bottle - 30 oz.,4.99,4.99,1,0.3992,1.8663
29/01/2016,605,Canada,"Road-750 Black, 48",539.99,539.99,1,43.1992,343.6496
29/01/2016,528,Germany,Mountain Tire Tube,4.99,4.99,1,0.3992,1.8663
29/01/2016,480,Germany,Patch Kit/8 Patches,2.29,2.29,1,0.1832,0.8565
29/01/2016,528,Canada,Mountain Tire Tube,4.99,4.99,1,0.3992,1.8663
29/01/2016,214,France,"Sport-100 Helmet, Red",34.99,34.99,1,2.7992,13.0863
29/01/2016,222,Germany,"Sport-100 Helmet, Blue",34.99,34.99,1,2.7992,13.0863
29/01/2016,477,Canada,Water Bottle - 30 oz.,4.99,4.99,1,0.3992,1.8663
29/01/2016,530,Italy,Touring Tire Tube,4.99,4.99,1,0.3992,1.8663
29/01/2016,479,Canada,Road Bottle Cage,8.99,8.99,1,0.7192,3.3623
29/01/2016,480,Canada,Patch Kit/8 Patches,2.29,2.29,1,0.1832,0.8565
29/01/2016,571,Canada,"Touring-3000 Yellow, 58",742.35,742.35,1,59.388,461.4448
29/01/2016,222,United States,"Sport-100 Helmet, Blue",34.99,34.99,1,2.7992,13.0863
29/01/2016,487,United States,Hydration Pack - 70 oz.,54.99,54.99,1,4.3992,20.5663
29/01/2016,477,Canada,Water Bottle - 30 oz.,4.99,4.99,1,0.3992,1.8663
29/01/2016,478,United States,Mountain Bottle Cage,9.99,9.99,1,0.7992,3.7363
29/01/2016,488,Italy,"Short-Sleeve Classic Jersey, S",53.99,53.99,1,4.3192,41.5723
29/01/2016,484,United States,Bike Wash - Dissolver,7.95,7.95,1,0.636,2.9733
29/01/2016,606,India,"Road-750 Black, 52",539.99,539.99,1,43.1992,343.6496
29/01/2016,536,Canada,ML Mountain Tire,29.99,29.99,1,2.3992,11.2163
29/01/2016,355,Australia,"Mountain-200 Silver, 42",2319.99,2319.99,1,185.5992,1265.6195
29/01/2016,481,Canada,"Racing Socks, M",8.99,8.99,1,0.7192,3.3623
29/01/2016,529,Canada,Road Tire Tube,3.99,3.99,1,0.3192,1.4923
29/01/2016,484,Germany,Bike Wash - Dissolver,7.95,7.95,1,0.636,2.9733
29/01/2016,485,United States,Fender Set - Mountain,21.98,21.98,1,1.7584,8.2205
29/01/2016,485,Canada,Fender Set - Mountain,21.98,21.98,1,1.7584,8.2205
29/01/2016,537,France,HL Mountain Tire,35,35,1,2.8,13.09
29/01/2016,484,Canada,Bike Wash - Dissolver,7.95,7.95,1,0.636,2.9733
29/01/2016,471,United States,"Classic Vest, S",63.5,63.5,1,5.08,23.749
30/01/2016,350,Italy,"Mountain-100 Black, 44",3374.99,3374.99,1,269.9992,1898.0944
30/01/2016,356,Australia,"Mountain-200 Silver, 46",2071.4196,2071.4196,1,165.7136,1117.8559
30/01/2016,325,Australia,"Road-650 Red, 62",782.99,782.99,1,62.6392,486.7066
30/01/2016,373,Italy,"Road-250 Black, 44",2181.5625,2181.5625,1,174.525,1320.6838
30/01/2016,369,Italy,"Road-250 Red, 48",2443.35,2443.35,1,195.468,1518.7864
30/01/2016,478,Australia,Mountain Bottle Cage,9.99,9.99,1,0.7992,3.7363
30/01/2016,355,Germany,"Mountain-200 Silver, 42",2319.99,2319.99,1,185.5992,1265.6195
30/01/2016,214,Canada,"Sport-100 Helmet, Red",34.99,34.99,1,2.7992,13.0863
30/01/2016,529,Germany,Road Tire Tube,3.99,3.99,1,0.3192,1.4923
30/01/2016,478,Australia,Mountain Bottle Cage,9.99,9.99,1,0.7992,3.7363
30/01/2016,222,Canada,"Sport-100 Helmet, Blue",34.99,34.99,1,2.7992,13.0863
30/01/2016,528,Italy,Mountain Tire Tube,4.99,4.99,1,0.3992,1.8663
30/01/2016,537,Canada,HL Mountain Tire,35,35,1,2.8,13.09
30/01/2016,478,Italy,Mountain Bottle Cage,9.99,9.99,1,0.7992,3.7363
30/01/2016,479,Germany,Road Bottle Cage,8.99,8.99,1,0.7192,3.3623
30/01/2016,225,France,AWC Logo Cap,8.99,8.99,1,0.7192,6.9223
30/01/2016,222,France,"Sport-100 Helmet, Blue",34.99,34.99,1,2.7992,13.0863
30/01/2016,537,United States,HL Mountain Tire,35,35,1,2.8,13.09
30/01/2016,604,Germany,"Road-750 Black, 44",539.99,539.99,1,43.1992,343.6496
30/01/2016,225,Canada,AWC Logo Cap,8.99,8.99,1,0.7192,6.9223
30/01/2016,477,Canada,Water Bottle - 30 oz.,4.99,4.99,1,0.3992,1.8663
30/01/2016,231,India,"Long-Sleeve Logo Jersey, M",49.99,49.99,1,3.9992,38.4923
30/01/2016,222,France,"Sport-100 Helmet, Blue",34.99,34.99,1,2.7992,13.0863
30/01/2016,528,India,Mountain Tire Tube,4.99,4.99,1,0.3992,1.8663
30/01/2016,222,Italy,"Sport-100 Helmet, Blue",34.99,34.99,1,2.7992,13.0863
30/01/2016,361,Germany,"Mountain-200 Black, 42",2294.99,2294.99,1,183.5992,1251.9813
30/01/2016,361,Italy,"Mountain-200 Black, 42",2294.99,2294.99,1,183.5992,1251.9813
30/01/2016,237,Italy,"Long-Sleeve Logo Jersey, XL",49.99,49.99,1,3.9992,38.4923
30/01/2016,485,United States,Fender Set - Mountain,21.98,21.98,1,1.7584,8.2205
30/01/2016,237,United States,"Long-Sleeve Logo Jersey, XL",49.99,49.99,1,3.9992,38.4923
30/01/2016,583,Germany,"Road-350-W Yellow, 48",1700.99,1700.99,1,136.0792,1082.51
30/01/2016,539,India,ML Road Tire,24.99,24.99,1,1.9992,9.3463
31/01/2016,222,Germany,"Sport-100 Helmet, Blue",34.99,34.99,1,2.7992,13.0863
31/01/2016,479,Germany,Road Bottle Cage,8.99,8.99,1,0.7192,3.3623
31/01/2016,214,Australia,"Sport-100 Helmet, Red",34.99,34.99,1,2.7992,13.0863
31/01/2016,465,India,"Half-Finger Gloves, M",24.49,24.49,1,1.9592,9.1593
31/01/2016,487,United States,Hydration Pack - 70 oz.,54.99,54.99,1,4.3992,20.5663
31/01/2016,536,India,ML Mountain Tire,29.99,29.99,1,2.3992,11.2163
31/01/2016,528,United States,Mountain Tire Tube,4.99,4.99,1,0.3992,1.8663
31/01/2016,528,Australia,Mountain Tire Tube,4.99,4.99,1,0.3992,1.8663
31/01/2016,535,United States,LL Mountain Tire,24.99,24.99,1,1.9992,9.3463
31/01/2016,537,France,HL Mountain Tire,35,35,1,2.8,13.09
31/01/2016,465,Canada,"Half-Finger Gloves, M",24.49,24.49,1,1.9592,9.1593
31/01/2016,479,France,Road Bottle Cage,8.99,8.99,1,0.7192,3.3623
31/01/2016,606,France,"Road-750 Black, 52",539.99,539.99,1,43.1992,343.6496
31/01/2016,486,India,All-Purpose Bike Stand,159,159,1,12.72,59.466
31/01/2016,540,France,HL Road Tire,32.6,32.6,1,2.608,12.1924
31/01/2016,483,United States,Hitch Rack - 4-Bike,120,120,1,9.6,44.88
31/01/2016,228,Germany,"Long-Sleeve Logo Jersey, S",49.99,49.99,1,3.9992,38.4923
31/01/2016,480,Germany,Patch Kit/8 Patches,2.29,2.29,1,0.1832,0.8565
01/02/2016,310,India,"Road-150 Red, 62",3578.27,3578.27,1,286.2616,2171.2942
01/02/2016,375,United States,"Road-250 Black, 48",2181.5625,2181.5625,1,174.525,1320.6838
01/02/2016,477,United States,Water Bottle - 30 oz.,4.99,4.99,1,0.3992,1.8663
01/02/2016,484,India,Bike Wash - Dissolver,7.95,7.95,1,0.636,2.9733
01/02/2016,528,India,Mountain Tire Tube,4.99,4.99,1,0.3992,1.8663
01/02/2016,530,Italy,Touring Tire Tube,4.99,4.99,1,0.3992,1.8663
01/02/2016,214,Canada,"Sport-100 Helmet, Red",34.99,34.99,1,2.7992,13.0863
01/02/2016,584,Canada,"Road-750 Black, 58",539.99,539.99,1,43.1992,343.6496
01/02/2016,539,France,ML Road Tire,24.99,24.99,1,1.9992,9.3463
01/02/2016,222,Canada,"Sport-100 Helmet, Blue",34.99,34.99,1,2.7992,13.0863
01/02/2016,479,Australia,Road Bottle Cage,8.99,8.99,1,0.7192,3.3623
01/02/2016,537,Germany,HL Mountain Tire,35,35,1,2.8,13.09
01/02/2016,214,United States,"Sport-100 Helmet, Red",34.99,34.99,1,2.7992,13.0863
01/02/2016,237,United States,"Long-Sleeve Logo Jersey, XL",49.99,49.99,1,3.9992,38.4923
01/02/2016,536,India,ML Mountain Tire,29.99,29.99,1,2.3992,11.2163
01/02/2016,528,France,Mountain Tire Tube,4.99,4.99,1,0.3992,1.8663
01/02/2016,477,India,Water Bottle - 30 oz.,4.99,4.99,1,0.3992,1.8663
01/02/2016,528,France,Mountain Tire Tube,4.99,4.99,1,0.3992,1.8663
01/02/2016,482,Germany,"Racing Socks, L",8.99,8.99,1,0.7192,3.3623
01/02/2016,485,Italy,Fender Set - Mountain,21.98,21.98,1,1.7584,8.2205
01/02/2016,388,United States,"Road-550-W Yellow, 44",1120.49,1120.49,1,89.6392,713.0798
01/02/2016,485,Italy,Fender Set - Mountain,21.98,21.98,1,1.7584,8.2205
01/02/2016,477,Australia,Water Bottle - 30 oz.,4.99,4.99,1,0.3992,1.8663
01/02/2016,490,Australia,"Short-Sleeve Classic Jersey, L",53.99,53.99,1,4.3192,41.5723
01/02/2016,486,India,All-Purpose Bike Stand,159,159,1,12.72,59.466
01/02/2016,529,France,Road Tire Tube,3.99,3.99,1,0.3192,1.4923
01/02/2016,488,Australia,"Short-Sleeve Classic Jersey, S",53.99,53.99,1,4.3192,41.5723
01/02/2016,217,India,"Sport-100 Helmet, Black",34.99,34.99,1,2.7992,13.0863
01/02/2016,490,Australia,"Short-Sleeve Classic Jersey, L",53.99,53.99,1,4.3192,41.5723
01/02/2016,489,France,"Short-Sleeve Classic Jersey, M",53.99,53.99,1,4.3192,41.5723
01/02/2016,529,Germany,Road Tire Tube,3.99,3.99,1,0.3192,1.4923
02/02/2016,352,Germany,"Mountain-200 Silver, 38",2071.4196,2071.4196,1,165.7136,1117.8559
02/02/2016,528,Australia,Mountain Tire Tube,4.99,4.99,1,0.3992,1.8663
02/02/2016,475,Australia,"Women's Mountain Shorts, M",69.99,69.99,1,5.5992,26.1763
02/02/2016,529,Canada,Road Tire Tube,3.99,3.99,1,0.3192,1.4923
02/02/2016,529,France,Road Tire Tube,3.99,3.99,1,0.3192,1.4923
02/02/2016,480,Canada,Patch Kit/8 Patches,2.29,2.29,1,0.1832,0.8565
02/02/2016,363,United States,"Mountain-200 Black, 46",2294.99,2294.99,1,183.5992,1251.9813
02/02/2016,475,Canada,"Women's Mountain Shorts, M",69.99,69.99,1,5.5992,26.1763
02/02/2016,538,Australia,LL Road Tire,21.49,21.49,1,1.7192,8.0373
02/02/2016,214,Italy,"Sport-100 Helmet, Red",34.99,34.99,1,2.7992,13.0863
02/02/2016,574,India,"Touring-1000 Blue, 50",2384.07,2384.07,1,190.7256,1481.9379
02/02/2016,363,France,"Mountain-200 Black, 46",2294.99,2294.99,1,183.5992,1251.9813
02/02/2016,476,United States,"Women's Mountain Shorts, L",69.99,69.99,1,5.5992,26.1763
02/02/2016,477,France,Water Bottle - 30 oz.,4.99,4.99,1,0.3992,1.8663
02/02/2016,606,Canada,"Road-750 Black, 52",539.99,539.99,1,43.1992,343.6496
02/02/2016,374,United States,"Road-250 Black, 44",2443.35,2443.35,1,195.468,1554.9479
02/02/2016,477,India,Water Bottle - 30 oz.,4.99,4.99,1,0.3992,1.8663
02/02/2016,562,Canada,"Touring-1000 Yellow, 50",2384.07,2384.07,1,190.7256,1481.9379
